nquest,nopco,stupco,conpco,setpco,nomco,stumco,conmco,setmco
375,,,,,,,,
629,,,,,,,,
1238,,,,,,,,
1367,1,1,9,,1,1,1,2
1763,2,,,,2,,,
1826,1,2,1,4,1,2,1,1
1927,,,,,,,,
1946,,,,,,,,
2178,1,2,1,1,1,2,9,
2447,1,2,1,2,1,2,1,4
2485,,,,,,,,
2886,1,2,1,2,1,2,2,3
8954,1,2,8,1,1,2,9,
11940,1,2,8,1,1,2,9,
20174,1,2,2,4,1,2,9,
20179,2,,,,2,,,
20231,1,2,1,1,1,2,1,1
20372,1,2,8,4,1,2,8,4
20711,1,2,1,1,1,2,9,
20837,1,2,8,4,1,2,8,4
22074,1,7,2,4,1,1,9,
22208,,,,,,,,
22222,,,,,,,,
22262,1,3,2,2,1,2,9,
22263,,,,,,,,
22273,1,2,8,4,1,2,9,
22274,1,2,1,2,1,2,9,
22276,,,,,,,,
22277,1,2,8,4,1,1,9,
22292,1,1,8,1,1,1,8,1
22353,1,2,1,2,1,1,1,4
22624,1,1,1,1,1,1,9,
22657,1,3,4,3,1,2,9,
22850,,,,,,,,
22995,1,1,8,4,1,1,9,
23384,,,,,,,,
23386,1,2,1,4,1,2,7,4
23490,,,,,,,,
23797,1,1,1,4,1,1,9,
23798,1,1,7,4,1,1,9,
23823,,,,,,,,
23986,2,,,,2,,,
24085,,,,,,,,
24149,,,,,,,,
24158,,,,,,,,
24171,,,,,,,,
24312,,,,,,,,
24322,1,2,1,2,1,2,9,
24374,,,,,,,,
24379,,,,,,,,
24393,,,,,,,,
24529,1,2,1,4,1,3,1,4
24571,2,,,,2,,,
24616,1,2,8,1,1,2,8,1
24764,1,1,1,2,1,1,9,
24809,1,1,1,1,1,2,9,
24853,2,,,,2,,,
24885,,,,,,,,
25625,,,,,,,,
25723,,,,,,,,
25968,1,2,1,2,1,2,9,
25970,1,1,1,4,1,1,9,
26310,1,2,9,,1,2,9,
26653,,,,,,,,
27109,,,,,,,,
27116,1,1,1,1,1,1,9,
27123,1,1,1,1,1,2,9,
27155,1,2,2,3,1,3,9,
27505,,,,,,,,
27509,1,1,1,1,1,1,1,1
27730,1,1,1,1,1,2,9,
27734,1,2,1,4,1,1,9,
27744,1,1,8,1,1,1,9,
27923,1,2,8,1,1,2,8,1
27930,1,1,1,2,1,1,9,
27947,1,2,1,1,1,1,9,
28100,1,2,8,4,1,2,9,
28221,,,,,,,,
28331,,,,,,,,
28766,2,,,,2,,,
28897,,,,,,,,
28992,1,2,8,1,1,2,9,
29140,1,2,1,1,1,2,1,1
29286,,,,,,,,
29362,,,,,,,,
29678,1,1,8,4,1,1,9,
29684,2,,,,2,,,
29687,1,2,8,4,1,2,8,4
29737,1,4,2,2,1,2,9,
29798,1,2,1,1,1,1,1,1
29823,1,3,2,4,1,2,9,
31163,1,2,1,1,1,2,9,
31191,1,3,1,1,1,2,1,1
31219,,,,,,,,
31220,1,1,8,1,1,1,8,1
31304,1,2,8,4,1,2,8,4
31309,1,1,1,1,1,1,9,
31311,,,,,,,,
31360,,,,,,,,
31387,1,2,1,2,1,2,1,4
31448,,,,,,,,
31556,1,2,9,,1,1,9,
31560,2,,,,2,,,
31625,,,,,,,,
31641,1,2,1,1,1,2,9,
31652,2,,,,2,,,
31665,1,3,9,,1,3,9,
31682,1,2,1,2,1,2,1,2
31695,1,1,1,2,1,1,9,
31710,,,,,,,,
31715,,,,,,,,
31751,1,2,1,2,1,1,9,
31757,,,,,,,,
31799,1,2,1,1,1,2,9,
31859,1,2,1,4,1,1,9,
31869,2,,,,2,,,
32044,,,,,,,,
32047,1,4,2,3,1,4,9,
32052,1,2,1,1,1,2,9,
32066,1,1,1,1,1,1,9,
32067,,,,,,,,
32139,1,2,1,1,1,2,9,
32144,2,,,,2,,,
32190,,,,,,,,
32206,,,,,,,,
32235,1,2,1,1,1,2,8,1
32328,,,,,,,,
32464,,,,,,,,
32470,,,,,,,,
32471,,,,,,,,
32524,1,4,2,4,1,3,9,
32556,,,,,,,,
32668,1,2,1,1,1,2,9,
32731,,,,,,,,
32733,1,7,10,,1,1,1,1
32734,1,3,1,2,1,3,8,4
32751,,,,,,,,
32822,1,3,9,,1,5,9,
32839,1,2,8,1,1,2,9,
32867,,,,,,,,
32962,1,2,8,4,1,2,9,
32987,1,2,8,1,1,1,9,
33038,1,1,1,1,1,1,9,
33228,,,,,,,,
33245,1,2,1,1,1,1,9,
33303,1,1,1,1,1,1,9,
33328,1,1,8,4,1,1,8,4
33347,,,,,,,,
33348,1,1,1,1,1,1,1,1
33361,,,,,,,,
33451,,,,,,,,
33604,,,,,,,,
33644,,,,,,,,
33761,2,,,,2,,,
33773,,,,,,,,
33781,1,1,1,1,1,1,9,
33823,,,,,,,,
33877,1,2,2,3,1,2,9,
33882,1,2,8,4,1,1,9,
33888,,,,,,,,
33889,1,2,1,2,1,2,9,
33937,1,1,8,1,1,1,9,
33941,1,2,1,2,1,2,8,1
33985,1,3,2,3,1,3,9,
34059,1,2,1,4,1,3,8,4
34199,2,,,,2,,,
34396,,,,,,,,
34513,1,2,1,1,1,2,9,
34541,1,3,2,3,1,2,9,
34738,1,1,1,1,1,1,1,1
34778,,,,,,,,
34825,1,2,8,1,1,1,8,1
34886,,,,,,,,
34900,1,2,1,2,1,2,9,
35005,,,,,,,,
35234,1,2,1,2,1,2,9,
35319,,,,,,,,
35322,1,1,9,,1,1,9,
35323,1,1,9,,1,1,9,
35340,2,,,,2,,,
35355,,,,,,,,
35372,1,2,1,2,2,,,
35374,1,2,9,,1,1,9,
35379,1,2,8,4,1,2,9,
35401,,,,,,,,
35450,,,,,,,,
35498,1,2,8,1,1,2,9,
35500,1,3,8,4,1,3,9,
35502,1,2,7,1,1,2,9,
35507,,,,,,,,
35508,1,1,8,1,1,1,9,
35512,,,,,,,,
35520,1,2,1,4,1,2,9,
35676,1,2,9,,1,2,9,
35682,1,2,2,3,1,2,9,
35735,1,3,8,4,1,3,9,
35788,1,2,1,1,1,2,9,
35812,1,2,1,3,1,2,9,
35862,1,1,9,,1,1,9,
35968,,,,,,,,
36106,,,,,,,,
36120,1,2,1,2,1,2,9,
36130,1,1,1,2,1,1,1,2
36131,1,2,1,3,1,2,9,
36146,1,2,1,2,1,2,9,
36148,1,2,2,2,1,2,9,
36164,1,2,1,2,1,2,9,
36186,,,,,,,,
36249,,,,,,,,
36250,,,,,,,,
36407,,,,,,,,
36427,1,2,1,2,1,2,9,
36443,1,2,8,4,1,2,9,
36492,1,1,2,3,1,1,9,
36494,1,2,8,4,1,2,9,
36522,1,4,2,3,1,4,3,3
36524,1,4,2,3,1,2,9,
36697,,,,,,,,
36774,,,,,,,,
36822,,,,,,,,
36893,2,,,,2,,,
37011,1,2,1,1,1,1,9,
37042,1,2,1,1,1,2,9,
37287,,,,,,,,
37294,2,,,,2,,,
37299,1,2,2,1,1,1,9,
37504,1,2,9,,1,2,9,
37677,2,,,,2,,,
37808,1,2,1,1,1,2,9,
38016,,,,,,,,
38018,1,2,1,2,1,2,9,
38095,1,3,1,4,1,3,10,
38112,1,3,1,2,1,2,9,
38128,,,,,,,,
38135,,,,,,,,
38230,,,,,,,,
38255,1,2,2,3,1,2,8,4
38316,1,4,5,4,1,2,9,
38349,2,,,,2,,,
38362,1,2,1,3,1,2,9,
38409,1,2,1,4,1,1,9,
38426,1,2,8,1,1,2,9,
38493,,,,,,,,
38499,1,1,1,1,1,1,1,1
38554,1,2,1,4,1,2,9,
38800,,,,,,,,
38877,1,2,1,2,1,2,9,
38909,,,,,,,,
38913,1,2,2,3,1,2,9,
38957,2,,,,2,,,
38964,,,,,,,,
38979,,,,,,,,
39058,1,2,1,1,1,2,9,
39061,1,3,8,4,1,3,2,1
39083,2,,,,2,,,
39086,1,1,2,3,1,1,9,
39111,,,,,,,,
39278,,,,,,,,
39284,1,4,9,,1,2,9,
39356,1,1,1,1,1,1,1,1
39433,,,,,,,,
39436,1,2,1,1,1,2,9,
39485,1,5,5,2,1,5,9,
39488,,,,,,,,
39907,2,,,,2,,,
50052,,,,,,,,
50060,1,3,9,,1,4,2,3
50085,,,,,,,,
50150,1,2,1,3,1,2,9,
50178,1,2,9,,1,2,9,
50231,,,,,,,,
50618,1,2,1,2,1,2,1,2
50674,,,,,,,,
50740,1,2,1,1,1,2,1,1
51013,1,2,9,,2,,,
51185,1,2,9,,1,2,9,
51297,,,,,,,,
51352,1,2,1,3,1,3,9,
51363,1,2,1,4,1,1,9,
51619,1,2,9,,1,2,9,
51651,1,2,8,1,1,2,8,1
51895,1,2,1,4,1,2,9,
52478,1,2,1,3,1,2,9,
52505,1,2,1,4,1,2,9,
52716,1,1,8,1,1,1,8,1
52736,,,,,,,,
53006,1,3,2,2,1,2,9,
53225,2,,,,2,,,
53373,2,,,,2,,,
53413,2,,,,2,,,
53549,1,1,9,,1,1,1,3
53552,,,,,,,,
53751,1,2,1,1,1,2,9,
53849,1,1,1,4,1,1,1,4
54143,1,5,3,3,1,4,3,3
54152,,,,,,,,
54683,1,2,1,1,1,2,9,
54684,,,,,,,,
54763,2,,,,2,,,
55147,1,1,1,2,1,1,9,
55209,,,,,,,,
55333,1,3,2,2,1,2,9,
55342,1,3,2,3,1,2,9,
55425,,,,,,,,
55636,1,2,8,4,1,2,9,
55774,,,,,,,,
55799,1,3,2,3,1,2,9,
56262,,,,,,,,
56270,1,1,1,2,1,1,9,
56563,1,1,1,1,1,1,9,
56572,1,2,1,1,1,2,9,
56575,1,1,8,1,1,2,8,1
56577,1,1,1,1,1,1,9,
56582,1,2,1,1,1,2,1,1
56608,1,1,1,4,1,1,9,
56632,,,,,,,,
56680,1,1,8,4,1,1,9,
56721,1,2,1,4,1,1,9,
56761,1,1,1,2,1,1,9,
56762,1,1,1,2,1,1,9,
56765,1,2,1,4,1,2,9,
57043,1,1,10,,2,,,
57138,1,2,8,1,1,2,9,
57217,2,,,,2,,,
57546,1,2,1,2,1,2,9,
57609,1,1,1,2,1,1,9,
57616,1,2,8,4,1,2,9,
57621,1,1,8,4,1,1,8,4
57670,,,,,,,,
58042,,,,,,,,
60078,1,1,1,1,1,1,1,1
91079,1,3,2,3,1,2,9,
91081,1,2,8,4,1,2,8,4
121067,,,,,,,,
137008,1,2,1,2,1,3,9,
138399,1,2,1,2,1,2,9,
176011,1,2,1,3,1,1,9,
176057,1,2,8,4,1,2,8,4
176068,1,3,2,3,1,2,9,
178001,,,,,,,,
178058,1,2,1,3,1,1,9,
193016,,,,,,,,
193082,1,3,1,2,1,3,1,4
213440,1,2,1,2,1,2,9,
215011,,,,,,,,
216022,1,2,8,4,1,2,8,4
230003,1,1,1,1,1,1,1,1
230029,1,2,8,1,1,2,9,
230030,,,,,,,,
230039,1,7,10,,1,7,10,
230043,,,,,,,,
230048,,,,,,,,
244004,,,,,,,,
244064,1,2,1,1,1,2,9,
250005,2,,,,2,,,
250037,,,,,,,,
250039,,,,,,,,
256015,1,2,1,2,1,3,9,
279054,1,1,1,1,1,1,9,
284086,1,1,1,4,1,1,9,
285054,1,1,1,1,1,1,9,
305042,1,2,8,1,1,2,8,1
310001,,,,,,,,
310002,1,1,1,2,1,1,9,
310040,,,,,,,,
310066,,,,,,,,
321009,2,,,,2,,,
330057,,,,,,,,
333081,1,4,2,3,1,4,9,
343010,1,2,1,2,1,2,1,2
350068,,,,,,,,
355063,,,,,,,,
365034,1,1,1,2,1,1,9,
387029,1,2,8,4,1,2,9,
389029,2,,,,2,,,
500160,2,,,,2,,,
500176,1,1,1,1,1,1,1,1
500180,,,,,,,,
500280,1,3,2,3,1,2,9,
500356,,,,,,,,
500412,2,,,,2,,,
500575,1,1,1,2,1,1,1,1
500584,2,,,,2,,,
500594,,,,,,,,
500674,1,2,1,3,1,2,9,
500726,1,4,8,4,1,2,8,4
500784,,,,,,,,
500877,1,2,8,1,1,2,8,1
501068,1,2,1,1,1,2,9,
501082,1,2,1,2,1,2,9,
501444,1,1,1,4,1,1,9,
501448,2,,,,2,,,
501492,1,4,2,3,1,2,9,
501697,1,2,1,4,1,2,1,4
501723,1,2,1,4,1,2,9,
501777,2,,,,1,3,8,4
501816,,,,,,,,
501874,1,3,2,2,1,2,9,
502025,1,2,1,4,1,2,1,2
502060,,,,,,,,
502248,,,,,,,,
502355,1,2,1,1,1,2,9,
502360,,,,,,,,
502364,2,,,,2,,,
502366,,,,,,,,
502386,,,,,,,,
502512,1,3,2,4,1,3,2,4
502711,1,2,1,2,1,2,8,2
502772,2,,,,1,4,2,3
503308,1,3,3,3,1,3,9,
503487,1,3,2,4,1,3,1,2
503561,1,4,1,2,1,2,9,
503674,1,2,2,4,1,2,9,
503703,1,3,8,4,1,3,9,
503757,,,,,,,,
503788,1,2,1,2,1,2,1,2
503850,1,4,9,,1,2,9,
503931,1,2,8,1,1,2,9,
504110,1,2,1,2,1,2,1,2
504125,1,2,1,1,1,2,9,
504129,1,2,1,4,1,2,1,2
504380,,,,,,,,
504395,,,,,,,,
504453,1,3,8,4,1,2,9,
504490,1,2,8,4,1,2,9,
504541,,,,,,,,
504578,1,7,10,,1,7,10,
504581,,,,,,,,
504584,,,,,,,,
504730,1,2,1,1,1,1,9,
504792,1,3,4,4,1,2,9,
504821,1,2,2,3,1,2,9,
504885,,,,,,,,
504886,1,2,4,3,1,2,9,
504921,1,2,1,2,1,2,9,
504937,1,2,1,2,1,2,9,
504956,1,2,1,4,1,2,9,
504965,,,,,,,,
504988,1,4,3,3,1,2,9,
505022,1,2,1,1,1,2,9,
505176,2,,,,2,,,
505226,1,2,1,2,1,2,9,
505228,,,,,,,,
505307,,,,,,,,
505322,1,2,8,1,1,2,9,
505366,1,2,1,4,1,2,9,
505374,,,,,,,,
505385,2,,,,2,,,
505407,,,,,,,,
505418,1,2,8,1,1,2,8,1
505430,1,1,1,4,1,2,9,
505433,1,3,4,2,1,2,9,
505439,1,2,8,1,1,3,4,3
505463,1,2,1,2,1,2,9,
505486,,,,,,,,
505491,1,2,8,4,1,2,9,
505493,,,,,,,,
505523,,,,,,,,
505525,1,2,8,1,1,2,8,1
505540,,,,,,,,
505655,1,2,1,2,1,2,1,2
505806,,,,,,,,
505810,1,2,1,2,1,2,1,3
505820,1,2,2,3,1,2,9,
505833,,,,,,,,
505881,1,2,1,4,1,2,9,
506100,1,1,1,3,1,1,9,
506112,1,1,8,1,1,1,8,1
506132,1,3,1,4,1,2,10,
506152,,,,,,,,
506195,,,,,,,,
506374,,,,,,,,
506386,,,,,,,,
506396,1,4,2,3,1,4,2,3
506411,,,,,,,,
506413,1,2,8,1,1,2,8,1
506446,1,2,2,3,1,2,9,
506531,1,2,1,4,1,2,9,
506565,2,,,,2,,,
506591,2,,,,2,,,
506601,,,,,,,,
506608,,,,,,,,
506616,,,,,,,,
506657,2,,,,2,,,
506666,2,,,,2,,,
506729,1,1,1,1,1,1,9,
506733,1,2,1,2,1,2,9,
506738,1,2,1,2,1,2,9,
506742,1,7,7,4,1,7,9,
506753,1,2,2,2,1,2,9,
506758,1,2,1,5,1,2,1,5
506759,2,,,,2,,,
506760,1,2,1,1,1,2,1,1
506778,1,2,1,1,1,2,1,1
506785,1,1,1,1,1,1,9,
506799,1,2,8,4,1,2,1,3
506863,,,,,,,,
506889,1,1,1,1,1,1,9,
507037,1,2,8,4,1,7,9,
507078,1,1,1,1,1,1,1,1
507081,2,,,,2,,,
507111,,,,,,,,
507181,1,2,1,1,1,2,9,
507182,1,1,1,1,1,1,9,
507282,2,,,,2,,,
507303,1,1,1,1,1,2,1,1
507322,1,3,1,4,1,2,9,
507401,1,1,1,1,1,1,9,
507419,1,2,1,4,1,2,9,
507426,1,2,1,4,1,2,9,
507431,1,5,2,3,1,4,3,3
507441,1,3,8,4,1,2,1,3
507455,1,2,8,1,1,2,8,1
507462,1,7,8,4,1,4,1,3
507502,1,1,1,1,1,1,1,1
507519,,,,,,,,
507529,1,1,1,1,1,1,1,1
507541,1,3,8,1,1,3,1,1
507544,1,4,2,3,1,3,8,4
507547,1,2,8,4,1,1,9,
507552,1,3,1,4,1,4,1,3
507556,,,,,,,,
507580,1,2,2,3,1,4,8,4
507594,1,1,1,1,1,1,9,
507596,1,2,1,4,1,2,1,4
507605,,,,,,,,
507615,,,,,,,,
507638,,,,,,,,
507644,1,1,1,1,1,1,1,1
507656,,,,,,,,
507675,1,1,1,3,1,1,9,
507693,,,,,,,,
507702,,,,,,,,
507728,2,,,,1,7,9,
507750,1,4,2,2,1,4,9,
507752,1,4,3,3,1,2,9,
507823,,,,,,,,
507863,,,,,,,,
507905,1,2,1,2,1,2,9,
508240,2,,,,2,,,
508305,,,,,,,,
508505,,,,,,,,
508922,1,2,1,2,1,2,9,
508926,1,1,1,1,1,1,9,
509003,1,2,8,4,1,2,9,
509005,1,3,1,3,1,2,9,
509006,,,,,,,,
509054,1,1,8,1,1,1,9,
509057,1,1,8,1,1,1,8,1
509069,1,1,2,2,1,1,9,
509071,1,3,8,4,1,2,9,
509074,1,2,8,4,1,1,9,
509076,1,2,1,4,1,2,9,
509120,1,2,1,2,1,2,9,
509139,1,2,1,4,1,1,9,
509550,1,3,2,4,1,2,9,
509695,1,2,1,4,1,2,9,
509710,1,2,2,4,1,2,9,
509808,,,,,,,,
509889,1,1,1,4,1,1,9,
509990,,,,,,,,
509997,2,,,,2,,,
510097,1,2,1,1,1,2,9,
510231,1,1,1,4,1,1,9,
510239,1,3,8,4,1,2,9,
510244,1,2,9,,1,1,9,
510245,1,2,9,,1,2,9,
510329,1,1,1,1,1,1,9,
510344,,,,,,,,
510433,1,3,2,3,1,1,9,
510437,1,1,9,,1,1,9,
510439,1,2,8,1,1,2,9,
510515,1,1,1,1,1,1,9,
510555,1,2,1,1,1,2,9,
510587,,,,,,,,
510984,1,2,1,2,1,2,9,
511074,1,7,8,1,1,7,8,1
511103,,,,,,,,
511116,,,,,,,,
511130,1,1,8,1,1,1,9,
511165,1,2,1,3,1,2,9,
511166,,,,,,,,
511170,2,,,,2,,,
511315,1,1,1,2,1,1,9,
511342,,,,,,,,
511352,1,1,1,1,1,1,9,
511367,1,1,1,1,1,1,9,
511419,,,,,,,,
511424,1,2,9,,1,2,9,
511435,1,3,9,,1,2,9,
511438,,,,,,,,
511474,2,,,,2,,,
511489,2,,,,2,,,
511491,2,,,,2,,,
511495,2,,,,2,,,
511500,2,,,,2,,,
511501,2,,,,2,,,
511624,2,,,,2,,,
512211,,,,,,,,
512406,1,1,1,1,1,1,9,
512411,2,,,,2,,,
512417,,,,,,,,
512420,2,,,,2,,,
512452,1,1,1,1,1,1,9,
512574,2,,,,2,,,
512704,2,,,,2,,,
512768,1,2,8,1,1,2,9,
512784,1,2,1,2,1,3,9,
512807,,,,,,,,
512843,1,2,1,4,1,1,9,
512846,,,,,,,,
512849,2,,,,2,,,
512858,2,,,,2,,,
512884,2,,,,2,,,
512897,,,,,,,,
512921,1,2,8,4,1,2,9,
512930,1,1,1,2,2,,,
512940,1,1,1,1,1,1,9,
512941,1,2,8,4,1,1,9,
512944,2,,,,2,,,
512963,1,3,1,4,1,2,9,
512997,1,2,1,2,1,2,9,
513053,1,2,1,1,1,2,1,1
513064,1,2,1,1,1,2,9,
513140,,,,,,,,
513329,1,1,9,,1,1,9,
513330,1,1,9,,1,1,9,
513369,1,2,1,4,1,2,9,
513377,,,,,,,,
513384,1,3,8,4,1,2,9,
513386,1,2,1,2,1,2,1,2
513388,,,,,,,,
513430,1,2,8,4,1,2,9,
513449,1,3,8,4,1,3,9,
610375,1,1,1,4,1,1,9,
610398,,,,,,,,
610725,2,,,,2,,,
610802,1,2,1,1,1,1,9,
610980,1,4,9,,1,4,10,
611113,,,,,,,,
611412,1,3,7,2,1,4,3,3
611441,1,2,2,3,1,2,9,
611453,,,,,,,,
611614,2,,,,2,,,
611699,,,,,,,,
611747,2,,,,2,,,
612011,1,4,6,4,1,2,9,
612234,1,2,8,4,1,2,9,
612269,,,,,,,,
612483,,,,,,,,
613488,1,2,1,4,1,2,9,
613605,,,,,,,,
613621,,,,,,,,
613697,,,,,,,,
614068,,,,,,,,
614094,1,2,9,,1,2,9,
614660,,,,,,,,
614783,,,,,,,,
615309,1,2,1,2,1,2,9,
615505,2,,,,2,,,
615662,1,4,10,,1,2,10,
615986,1,2,1,1,1,1,9,
616016,1,2,1,1,1,2,1,4
616032,1,2,1,1,1,2,1,1
617231,2,,,,2,,,
617398,1,5,5,4,1,5,3,4
617436,,,,,,,,
617902,1,4,4,2,1,4,4,4
618079,1,2,1,2,1,1,1,2
618164,1,4,2,4,1,3,9,
618238,,,,,,,,
618272,1,1,1,1,1,1,1,1
618755,2,,,,2,,,
619060,,,,,,,,
619106,2,,,,2,,,
619126,,,,,,,,
619170,,,,,,,,
619396,2,,,,2,,,
619457,1,1,1,2,1,1,9,
620179,,,,,,,,
620481,1,5,6,4,1,4,9,
620503,1,1,1,1,1,1,1,1
620593,,,,,,,,
620805,1,2,1,1,1,2,1,1
621136,,,,,,,,
621735,1,1,1,2,1,1,9,
621773,1,3,8,4,1,2,8,4
621999,,,,,,,,
622034,2,,,,2,,,
622228,1,2,1,1,1,2,1,1
622306,,,,,,,,
622707,1,2,1,1,1,2,9,
622717,,,,,,,,
622915,1,3,9,,1,2,9,
623277,1,2,1,1,1,2,9,
623300,1,2,1,2,1,2,9,
623606,1,2,1,2,1,2,9,
623651,2,,,,2,,,
624389,,,,,,,,
624713,2,,,,1,1,1,1
624744,1,3,4,3,1,2,9,
624804,1,2,8,1,1,2,8,1
625257,2,,,,2,,,
625536,1,2,1,2,1,2,9,
625538,1,2,1,2,1,2,9,
625694,1,2,1,4,1,2,9,
625803,1,2,1,2,1,2,9,
625926,1,3,8,4,1,2,9,
626001,1,2,10,,1,2,9,
626030,,,,,,,,
626178,1,2,2,3,1,1,9,
626189,,,,,,,,
626240,1,2,1,1,1,2,9,
626310,1,2,8,4,1,2,8,4
626312,,,,,,,,
626449,1,2,8,1,1,2,8,1
626680,,,,,,,,
626688,1,2,1,2,1,2,1,2
626892,2,,,,2,,,
627052,1,1,1,1,1,1,9,
627067,1,1,8,4,1,1,9,
627096,1,2,1,3,1,2,9,
627314,1,3,8,4,1,2,9,
627479,2,,,,2,,,
627797,1,2,1,4,1,2,9,
627842,2,,,,2,,,
628091,,,,,,,,
628193,2,,,,2,,,
629458,2,,,,2,,,
629488,1,2,8,4,1,2,9,
629492,,,,,,,,
629518,,,,,,,,
629542,2,,,,2,,,
629984,,,,,,,,
630008,,,,,,,,
630435,,,,,,,,
630512,1,2,1,2,1,2,9,
631016,1,2,7,4,1,2,9,
631019,,,,,,,,
631306,1,2,8,4,1,2,9,
631712,1,1,8,4,1,1,9,
631796,1,2,1,3,1,2,1,3
631981,1,1,8,1,1,1,9,
632021,,,,,,,,
632078,1,3,1,4,1,3,9,
632118,1,2,9,,1,2,9,
632270,2,,,,2,,,
633412,1,2,1,2,1,2,9,
633941,,,,,,,,
634144,1,2,1,2,1,2,9,
634481,2,,,,2,,,
634743,,,,,,,,
634810,1,2,1,2,1,2,8,4
634847,1,2,1,2,1,2,9,
634985,1,2,1,4,1,2,9,
635258,,,,,,,,
635263,1,2,1,2,1,2,1,2
635334,1,2,1,2,1,2,9,
635346,1,2,1,2,1,2,9,
635443,,,,,,,,
635484,,,,,,,,
635513,1,2,8,1,1,2,9,
636206,2,,,,2,,,
636237,1,2,1,2,1,2,9,
636258,,,,,,,,
636277,1,2,1,1,1,2,9,
636304,,,,,,,,
636401,1,2,2,3,1,1,9,
636407,1,1,1,1,1,1,1,1
636558,,,,,,,,
636856,,,,,,,,
636941,1,2,1,2,1,2,8,4
637009,1,2,1,2,1,2,9,
637242,,,,,,,,
637537,1,2,1,4,1,2,9,
637701,1,1,1,1,1,1,9,
638225,1,2,1,4,1,2,9,
638250,2,,,,2,,,
638339,1,2,1,4,1,2,1,4
638395,1,5,4,4,1,3,9,
638423,1,2,1,4,1,2,9,
638508,1,2,1,1,1,2,9,
638603,1,7,2,3,1,3,9,
638670,,,,,,,,
638718,1,3,1,2,1,3,8,4
638769,,,,,,,,
638783,1,2,1,2,1,2,1,4
638863,,,,,,,,
639067,,,,,,,,
639089,,,,,,,,
639129,,,,,,,,
639369,,,,,,,,
639373,1,1,8,1,1,1,8,1
639591,1,1,1,1,1,1,9,
639924,1,2,1,2,2,,,
640212,1,2,8,4,1,2,8,4
640220,,,,,,,,
640250,1,2,1,4,1,1,9,
640664,1,2,1,2,1,2,9,
640691,,,,,,,,
640775,1,1,1,4,1,1,9,
640790,,,,,,,,
641030,1,1,1,1,1,1,9,
641084,2,,,,2,,,
641491,1,2,1,1,1,2,9,
641624,,,,,,,,
641628,,,,,,,,
642007,,,,,,,,
648572,2,,,,2,,,
648636,,,,,,,,
648756,1,2,1,1,1,2,9,
648759,,,,,,,,
648841,1,2,1,1,1,2,9,
648853,,,,,,,,
648863,,,,,,,,
648876,2,,,,2,,,
648888,1,3,8,4,1,3,8,4
649015,1,3,1,2,1,3,1,2
649061,1,2,1,5,1,2,9,
649063,1,2,1,2,1,2,9,
649067,1,2,8,5,1,2,9,
649071,1,1,1,5,1,1,9,
649167,1,1,8,1,1,1,9,
649207,1,1,8,4,1,1,9,
649224,2,,,,2,,,
649375,2,,,,2,,,
649393,2,,,,2,,,
650023,1,2,9,,1,2,9,
650027,,,,,,,,
650048,1,2,2,4,1,2,9,
650079,,,,,,,,
650091,1,2,1,1,1,2,8,4
670225,1,2,1,4,1,2,1,2
670362,1,1,9,,1,2,9,
670565,1,2,3,3,1,2,9,
670652,,,,,,,,
670668,2,,,,2,,,
670670,1,2,1,1,1,1,9,
670696,1,2,1,2,1,3,9,
670711,,,,,,,,
670762,,,,,,,,
670857,1,2,1,1,1,2,9,
670876,1,2,1,2,1,2,9,
671023,,,,,,,,
671104,2,,,,2,,,
671105,,,,,,,,
671135,,,,,,,,
671197,,,,,,,,
671200,1,1,1,1,1,1,1,1
671206,1,4,2,3,1,4,3,4
671244,1,2,1,4,1,2,9,
671296,,,,,,,,
671300,2,,,,2,,,
671362,,,,,,,,
671372,1,2,8,4,1,2,8,4
671408,,,,,,,,
671480,1,2,1,4,1,2,1,4
671568,,,,,,,,
671732,1,1,8,1,1,1,9,
671733,1,2,8,4,1,2,8,4
671838,1,3,2,3,1,2,9,
671841,1,2,2,3,1,2,9,
671897,,,,,,,,
671904,2,,,,2,,,
671978,1,1,1,2,1,1,9,
672032,2,,,,1,1,9,
672063,2,,,,2,,,
672065,1,4,3,3,1,2,9,
672188,1,2,8,1,1,2,9,
672193,1,7,1,2,1,2,9,
672228,1,2,1,2,1,2,9,
672301,2,,,,1,2,9,
672348,1,2,1,3,1,2,9,
672351,1,1,1,1,1,1,1,1
672365,2,,,,2,,,
672369,1,1,1,3,1,1,9,
672410,2,,,,2,,,
672430,2,,,,2,,,
672486,1,2,1,1,1,2,1,4
672530,,,,,,,,
672541,1,3,2,2,1,3,9,
672572,1,2,7,4,1,2,9,
672575,,,,,,,,
672580,1,2,1,2,1,2,1,3
672599,2,,,,2,,,
672640,1,3,1,4,1,2,9,
672652,,,,,,,,
672683,,,,,,,,
672687,1,2,1,3,1,2,9,
672728,,,,,,,,
672729,,,,,,,,
672760,1,2,1,2,1,2,9,
672813,,,,,,,,
672864,,,,,,,,
672872,1,2,1,1,1,2,9,
672943,1,1,1,1,1,1,1,1
672949,,,,,,,,
672978,1,2,8,1,1,2,9,
672985,1,1,1,5,1,1,1,5
673005,,,,,,,,
673032,,,,,,,,
673054,1,4,7,4,1,3,9,
673098,1,3,4,3,1,2,9,
673287,1,2,8,4,1,2,9,
673364,,,,,,,,
673371,,,,,,,,
673373,1,2,1,2,1,2,9,
673377,,,,,,,,
673399,1,2,1,4,1,2,9,
673424,,,,,,,,
673452,,,,,,,,
673454,1,4,5,3,1,3,4,3
673514,1,2,1,1,1,2,9,
673568,,,,,,,,
673657,1,2,1,4,1,2,9,
673682,1,2,1,4,1,1,9,
673698,,,,,,,,
673816,1,1,1,1,1,1,1,1
673827,2,,,,2,,,
673847,1,2,8,4,1,2,9,
673864,,,,,,,,
674024,2,,,,1,2,1,1
674106,,,,,,,,
674111,,,,,,,,
674114,1,2,8,1,1,2,9,
674148,,,,,,,,
674176,1,2,1,2,1,2,1,2
674196,1,2,8,1,1,2,9,
674224,2,,,,2,,,
674239,1,2,9,,1,2,9,
674271,,,,,,,,
674280,,,,,,,,
674281,1,1,1,1,1,1,9,
674282,,,,,,,,
674283,,,,,,,,
674284,1,1,1,3,1,1,9,
674285,1,2,1,1,1,1,9,
674320,1,2,1,3,1,2,1,2
674328,,,,,,,,
674352,,,,,,,,
674353,,,,,,,,
674361,2,,,,2,,,
674373,,,,,,,,
674509,,,,,,,,
674554,1,2,9,,1,2,9,
674572,,,,,,,,
674679,,,,,,,,
674686,1,2,8,1,1,1,8,1
674700,,,,,,,,
674702,1,2,1,2,1,2,8,4
674733,1,1,1,4,1,1,9,
674757,1,2,1,2,1,2,1,3
674767,1,3,2,2,1,3,9,
674781,1,2,1,2,1,1,9,
674800,1,3,4,3,1,1,9,
674842,1,2,8,4,1,2,9,
674846,1,2,1,1,1,1,9,
674868,1,2,9,,1,2,9,
674895,1,4,2,3,1,2,1,2
674919,,,,,,,,
674970,2,,,,2,,,
674974,2,,,,1,1,9,
675004,,,,,,,,
675015,1,3,1,4,1,3,9,
675044,2,,,,2,,,
675046,1,2,8,4,1,2,9,
675141,,,,,,,,
675169,2,,,,2,,,
675214,,,,,,,,
675223,1,2,1,1,1,2,9,
675271,,,,,,,,
675272,1,2,1,3,1,2,9,
675280,1,3,1,3,1,2,9,
675290,1,3,8,4,1,3,9,
675374,,,,,,,,
675446,,,,,,,,
675480,1,2,1,2,1,2,9,
675512,2,,,,2,,,
675542,1,2,1,4,1,2,9,
675543,,,,,,,,
675546,,,,,,,,
675645,2,,,,2,,,
675685,1,1,1,1,1,1,9,
675702,1,3,2,3,1,4,2,3
675739,,,,,,,,
675746,1,2,1,2,1,2,9,
675757,,,,,,,,
675788,2,,,,2,,,
675789,,,,,,,,
675896,1,1,2,4,1,1,9,
675906,1,1,1,1,1,1,1,1
675913,,,,,,,,
675953,1,7,1,2,1,7,9,
675978,,,,,,,,
676000,1,4,5,3,1,4,4,3
676005,1,7,8,4,1,2,9,
676030,,,,,,,,
676048,1,4,8,4,1,3,9,
676110,,,,,,,,
676173,,,,,,,,
676193,1,2,8,4,1,2,9,
676198,1,2,1,4,1,2,9,
676223,1,2,1,2,1,2,1,2
676259,,,,,,,,
676265,1,3,8,4,1,3,8,4
676303,1,2,8,1,1,2,9,
676307,,,,,,,,
676359,,,,,,,,
676374,1,2,1,1,1,2,9,
676391,,,,,,,,
676407,1,2,1,2,1,2,9,
676425,1,2,1,4,1,2,9,
676426,1,2,4,3,1,2,9,
676445,2,,,,2,,,
676463,,,,,,,,
676497,1,2,1,2,1,2,9,
676500,,,,,,,,
676670,1,2,1,1,1,2,9,
676671,,,,,,,,
676717,2,,,,2,,,
676772,,,,,,,,
676819,1,1,1,1,1,1,1,1
676844,1,1,8,1,1,1,9,
676851,1,1,1,4,1,1,9,
676858,1,2,1,4,1,2,1,3
676941,,,,,,,,
676988,,,,,,,,
677079,1,1,1,4,1,1,9,
677114,,,,,,,,
677124,1,1,1,1,1,1,1,1
677130,1,1,8,1,1,1,8,4
677146,,,,,,,,
677185,2,,,,2,,,
677186,2,,,,2,,,
677280,1,2,1,3,1,2,9,
677346,,,,,,,,
677440,2,,,,2,,,
677474,1,2,2,3,1,2,9,
677475,1,1,1,1,1,2,9,
677489,,,,,,,,
677548,,,,,,,,
677570,1,2,1,4,1,2,1,2
677616,,,,,,,,
677627,,,,,,,,
677655,2,,,,2,,,
677722,1,4,4,3,1,4,9,
677766,1,2,1,2,1,2,9,
677825,,,,,,,,
677881,,,,,,,,
677909,,,,,,,,
677931,,,,,,,,
677946,1,5,4,3,1,4,9,
677973,1,1,1,1,1,1,1,1
677988,2,,,,2,,,
678001,1,1,1,2,1,1,9,
678043,1,2,1,2,1,2,9,
678052,,,,,,,,
678104,,,,,,,,
678109,1,2,8,1,1,2,9,
678138,1,2,1,2,1,2,9,
678160,1,4,1,4,1,3,1,2
678190,1,2,1,1,1,2,9,
678198,,,,,,,,
678199,1,4,2,2,1,4,9,
678259,1,3,4,3,1,2,3,3
678264,1,3,2,3,1,2,9,
678270,1,2,1,2,1,1,1,1
678299,,,,,,,,
678304,,,,,,,,
678347,1,1,1,2,1,1,9,
678368,1,2,1,2,1,2,1,2
678372,1,2,1,4,1,2,9,
678390,,,,,,,,
680056,,,,,,,,
680083,1,3,2,3,1,2,9,
680108,2,,,,2,,,
680130,2,,,,2,,,
680146,,,,,,,,
680170,,,,,,,,
680231,,,,,,,,
680239,1,1,1,2,1,2,9,
680243,1,3,1,2,1,2,9,
680257,1,3,1,2,1,3,9,
680272,,,,,,,,
680274,2,,,,2,,,
680293,,,,,,,,
680311,1,2,1,1,1,2,9,
680341,,,,,,,,
680357,,,,,,,,
680360,1,2,1,2,1,2,9,
680361,,,,,,,,
680386,1,1,1,4,1,2,1,1
680391,1,2,1,2,1,2,1,2
680401,2,,,,2,,,
680407,,,,,,,,
680409,,,,,,,,
680430,1,2,1,2,1,2,9,
680433,1,2,1,3,1,2,8,4
680437,1,1,8,4,1,1,9,
680498,1,2,1,2,1,2,9,
680501,1,2,8,1,1,1,8,1
680537,1,2,2,2,1,2,9,
680549,2,,,,2,,,
680582,1,1,1,1,1,1,9,
680606,,,,,,,,
680607,,,,,,,,
680644,2,,,,2,,,
680732,,,,,,,,
680736,2,,,,2,,,
680742,1,2,8,4,1,2,9,
680760,1,5,6,3,1,4,9,
680771,,,,,,,,
680774,1,3,1,2,1,2,9,
680777,2,,,,2,,,
680780,2,,,,2,,,
680829,,,,,,,,
680840,1,1,1,1,1,1,9,
680878,,,,,,,,
680899,1,2,1,1,1,2,9,
680904,1,2,1,2,1,2,1,3
680911,2,,,,2,,,
680913,1,4,2,4,1,3,2,4
680914,1,2,1,4,1,2,9,
680920,2,,,,2,,,
680921,1,2,1,2,1,2,9,
680933,1,1,1,2,1,1,9,
680943,,,,,,,,
680971,1,2,7,4,1,2,9,
680978,,,,,,,,
681012,1,1,8,4,1,1,9,
681099,2,,,,1,1,1,1
681133,1,1,1,2,1,1,9,
681158,1,1,1,4,1,2,9,
681159,1,1,8,1,1,1,9,
681175,,,,,,,,
681180,,,,,,,,
681189,,,,,,,,
681192,,,,,,,,
681200,2,,,,2,,,
681263,,,,,,,,
681329,1,2,1,1,1,2,1,1
681349,2,,,,2,,,
681368,1,5,5,3,1,3,9,
681371,1,2,1,2,1,2,8,4
681380,1,2,1,3,1,2,9,
681387,,,,,,,,
681394,1,3,1,3,1,4,9,
681433,1,2,9,,1,2,9,
681435,2,,,,2,,,
681436,2,,,,2,,,
681438,1,3,1,4,1,3,2,3
681441,1,2,1,2,1,2,9,
681499,,,,,,,,
681518,1,2,4,3,1,2,9,
681520,1,1,1,1,1,2,9,
681571,1,2,1,2,1,2,9,
681575,2,,,,1,2,9,
681594,1,2,1,2,1,2,1,2
681596,1,3,4,3,1,2,9,
681640,2,,,,2,,,
681687,1,3,1,4,1,3,9,
681701,1,2,8,1,1,2,9,
681713,1,2,8,4,1,2,9,
681744,2,,,,2,,,
681748,,,,,,,,
681790,2,,,,2,,,
681822,1,2,1,1,2,,,
681845,1,3,8,4,1,4,3,3
681863,,,,,,,,
681867,2,,,,2,,,
681897,1,2,1,4,1,2,9,
681932,,,,,,,,
681933,2,,,,2,,,
681975,,,,,,,,
682020,,,,,,,,
682086,,,,,,,,
682108,,,,,,,,
682118,1,2,8,4,1,2,9,
682121,1,2,1,2,1,2,9,
682125,2,,,,2,,,
682127,1,4,4,3,1,4,9,
682146,1,2,9,,1,2,9,
682154,1,1,1,1,1,1,9,
682169,1,2,1,2,1,2,9,
682170,1,2,8,1,1,2,8,1
682191,1,2,1,4,1,2,9,
682192,1,1,1,1,1,1,1,1
682204,2,,,,2,,,
682210,,,,,,,,
682259,1,2,1,1,1,2,9,
682275,1,2,8,1,1,2,9,
682281,2,,,,2,,,
682297,1,2,1,3,1,2,6,4
682298,1,3,2,3,1,3,9,
682311,2,,,,2,,,
682313,2,,,,2,,,
682319,1,1,1,4,1,2,9,
682359,1,1,1,1,1,1,9,
682360,,,,,,,,
682371,,,,,,,,
682379,,,,,,,,
682399,1,2,1,1,1,2,9,
682400,2,,,,2,,,
682450,2,,,,2,,,
682491,1,4,9,,1,4,9,
682496,,,,,,,,
682503,,,,,,,,
682508,,,,,,,,
682531,2,,,,2,,,
682532,,,,,,,,
682571,,,,,,,,
682593,,,,,,,,
682608,,,,,,,,
682609,,,,,,,,
682625,,,,,,,,
682660,,,,,,,,
682704,2,,,,1,1,9,
682709,1,5,5,3,1,4,9,
682730,,,,,,,,
682732,1,1,1,4,1,2,1,4
682737,1,2,1,4,1,2,9,
682743,1,2,1,1,1,2,1,1
682779,1,2,1,4,1,1,9,
682782,,,,,,,,
682843,1,2,8,4,1,2,9,
682850,,,,,,,,
682853,1,2,1,1,1,2,9,
682879,,,,,,,,
682894,,,,,,,,
682897,1,2,1,4,1,2,1,4
682906,1,1,1,1,1,1,9,
682969,,,,,,,,
682972,1,2,8,1,1,2,8,1
682982,1,2,8,4,1,4,3,3
682994,2,,,,2,,,
683031,1,2,1,2,1,2,9,
683034,,,,,,,,
683043,,,,,,,,
683075,1,1,1,4,1,1,9,
683081,,,,,,,,
683117,,,,,,,,
683119,1,4,1,2,1,3,9,
683121,1,2,1,1,1,2,1,1
683135,1,2,1,2,1,2,9,
683147,,,,,,,,
683157,1,2,1,1,1,2,9,
683177,1,1,1,1,1,1,9,
683192,,,,,,,,
683217,,,,,,,,
683245,1,1,9,,1,1,9,
683246,2,,,,2,,,
683249,1,2,9,,1,1,9,
683250,1,2,9,,1,1,9,
683251,1,1,9,,1,1,9,
683257,,,,,,,,
683337,1,2,1,2,1,2,1,2
683339,1,3,1,2,1,3,9,
683344,1,2,1,2,1,2,9,
683345,,,,,,,,
683377,1,5,4,2,1,5,3,3
683381,,,,,,,,
683399,,,,,,,,
683490,1,4,3,3,1,2,9,
683530,1,2,1,3,1,2,9,
683544,1,7,7,4,1,3,9,
683548,,,,,,,,
683611,2,,,,2,,,
683652,1,2,1,4,1,2,9,
683661,2,,,,2,,,
683664,1,4,4,3,1,4,3,3
683670,,,,,,,,
683671,,,,,,,,
683673,1,1,1,1,1,2,9,
683689,1,1,9,,1,1,9,
683696,1,2,1,3,2,,,
683727,,,,,,,,
683812,1,4,5,3,1,4,3,3
683869,2,,,,2,,,
683881,,,,,,,,
683896,1,2,1,2,1,2,9,
683897,,,,,,,,
683910,1,2,1,4,1,2,9,
683962,,,,,,,,
683964,1,5,2,3,1,3,9,
683970,1,2,1,4,1,2,9,
683980,1,2,1,2,1,2,1,4
684000,1,2,1,1,1,2,9,
684035,,,,,,,,
684140,1,4,2,3,1,2,9,
684147,1,1,1,1,1,1,9,
684148,1,3,1,1,1,1,9,
684168,,,,,,,,
684217,1,2,2,3,1,2,9,
684218,1,1,1,1,1,1,9,
684229,,,,,,,,
684240,1,3,8,1,1,4,3,1
684268,1,3,2,4,1,3,9,
684280,,,,,,,,
684290,2,,,,2,,,
684291,1,1,9,,1,1,9,
684326,1,4,2,4,1,2,9,
684330,,,,,,,,
684333,1,2,1,2,1,2,9,
684423,1,2,1,4,1,2,9,
684434,2,,,,2,,,
684491,,,,,,,,
684496,,,,,,,,
684507,1,2,1,2,1,2,1,2
684524,,,,,,,,
684539,,,,,,,,
684548,2,,,,2,,,
684557,1,2,1,2,1,2,9,
684559,1,2,1,4,1,2,9,
684574,1,2,1,2,1,2,9,
684592,,,,,,,,
684594,,,,,,,,
684608,,,,,,,,
684609,,,,,,,,
684617,,,,,,,,
684630,1,3,1,2,1,3,9,
684642,1,3,2,2,1,3,2,2
684649,1,2,10,,1,2,9,
684655,1,4,2,3,1,3,2,3
684671,1,1,1,1,1,1,9,
684684,1,2,8,5,1,2,8,5
684689,2,,,,2,,,
684740,1,2,1,3,1,2,9,
684752,,,,,,,,
684797,1,1,1,1,1,1,9,
684810,1,1,1,1,1,1,9,
684819,1,3,8,4,1,2,9,
684839,1,2,1,1,1,2,1,5
684854,1,1,1,1,1,1,9,
684856,1,1,1,1,1,1,9,
684866,,,,,,,,
684886,1,3,2,4,1,3,9,
684920,,,,,,,,
684927,,,,,,,,
684973,1,2,1,4,1,2,9,
684988,1,1,1,2,1,1,9,
685016,1,2,1,2,1,2,9,
685026,1,1,1,1,1,1,9,
685052,2,,,,2,,,
685058,1,1,1,1,1,1,9,
685085,2,,,,2,,,
685096,1,4,4,2,1,2,8,4
685100,1,2,1,2,1,2,1,4
685103,,,,,,,,
685124,1,2,9,,1,2,9,
685146,,,,,,,,
685148,,,,,,,,
685149,1,2,1,4,1,2,9,
685164,1,2,1,4,1,2,9,
685188,,,,,,,,
685190,,,,,,,,
685192,2,,,,2,,,
685200,1,2,1,4,1,2,9,
685253,,,,,,,,
685254,,,,,,,,
685258,1,2,9,,1,2,9,
685296,1,2,8,4,1,2,8,4
685312,1,7,10,,1,2,1,4
685323,,,,,,,,
685378,,,,,,,,
685405,1,3,2,4,1,3,8,4
685410,1,2,1,1,1,2,9,
685417,2,,,,1,2,9,
685418,1,2,8,4,1,2,8,4
685455,,,,,,,,
685487,,,,,,,,
685503,,,,,,,,
685517,1,2,8,4,1,2,8,4
685543,2,,,,2,,,
685546,1,2,1,1,1,2,9,
685588,1,2,2,3,1,2,1,2
685622,1,2,8,4,1,2,9,
685641,1,1,1,1,1,1,9,
685647,1,2,1,4,1,2,9,
685650,,,,,,,,
685664,,,,,,,,
685673,,,,,,,,
685695,,,,,,,,
685742,2,,,,2,,,
685747,1,1,8,4,1,1,8,4
685769,,,,,,,,
685793,,,,,,,,
685805,1,1,1,2,1,1,9,
685836,1,2,1,1,1,2,9,
685873,1,2,1,1,1,1,9,
685874,,,,,,,,
685890,1,2,8,1,1,2,9,
685891,1,2,1,2,1,2,9,
685902,,,,,,,,
685906,1,1,9,,1,1,9,
685923,1,2,1,1,1,2,9,
685930,1,2,1,1,1,2,9,
685956,2,,,,2,,,
685970,1,2,1,1,1,2,9,
685988,2,,,,2,,,
686009,1,2,1,1,1,2,9,
686046,,,,,,,,
686092,1,2,1,1,1,2,9,
686094,,,,,,,,
686109,1,2,1,1,1,1,1,2
686133,,,,,,,,
686135,1,2,1,1,1,2,1,1
686184,1,1,1,1,1,1,9,
686233,,,,,,,,
686235,,,,,,,,
686240,,,,,,,,
686259,1,1,8,1,1,1,9,
686276,,,,,,,,
686289,1,1,1,1,1,1,1,1
686293,,,,,,,,
686314,,,,,,,,
686325,,,,,,,,
686391,1,2,1,1,1,2,1,1
686425,1,1,8,1,1,1,8,1
686429,,,,,,,,
686500,1,3,8,4,1,3,8,4
686508,,,,,,,,
686522,,,,,,,,
686538,,,,,,,,
686543,1,2,8,4,1,2,8,4
686558,2,,,,2,,,
686571,,,,,,,,
686587,,,,,,,,
686595,,,,,,,,
686601,,,,,,,,
686619,,,,,,,,
686657,1,1,1,2,1,1,9,
686661,1,2,1,2,1,2,9,
686694,,,,,,,,
686715,,,,,,,,
686717,,,,,,,,
686742,2,,,,2,,,
686757,1,3,2,3,1,1,9,
686760,1,1,1,1,1,1,9,
686829,,,,,,,,
686887,1,1,1,1,1,1,1,1
686893,,,,,,,,
686911,1,2,1,1,1,1,9,
686954,,,,,,,,
686960,1,2,9,,1,2,9,
686979,,,,,,,,
686991,,,,,,,,
686992,,,,,,,,
686995,,,,,,,,
687000,,,,,,,,
687005,1,1,1,1,1,1,9,
687007,,,,,,,,
687012,,,,,,,,
687021,1,2,1,1,1,2,1,1
687022,1,2,1,4,1,2,1,4
687033,,,,,,,,
687039,1,2,8,1,1,2,9,
687043,1,1,8,1,1,1,9,
687070,1,2,1,2,1,2,9,
687075,,,,,,,,
687104,1,2,1,2,1,1,9,
687112,2,,,,2,,,
687134,1,3,8,4,1,2,9,
687159,,,,,,,,
687164,1,1,8,1,1,1,9,
687165,1,2,8,1,1,2,9,
687166,1,2,1,2,1,3,9,
687169,,,,,,,,
687174,1,2,1,4,1,2,9,
687178,,,,,,,,
687179,,,,,,,,
687185,1,1,1,1,1,1,9,
687188,1,1,8,4,1,1,8,4
687213,1,2,1,2,1,2,9,
687245,2,,,,2,,,
687247,,,,,,,,
687248,1,2,1,2,1,2,9,
687263,,,,,,,,
687291,2,,,,2,,,
687303,1,1,1,4,1,1,9,
687304,1,1,8,4,1,1,8,4
687322,,,,,,,,
687324,,,,,,,,
687327,1,2,1,4,1,2,8,4
687347,1,3,8,4,1,2,9,
687356,,,,,,,,
687371,1,1,1,2,1,1,9,
687410,1,3,2,3,1,2,9,
687463,1,1,1,4,1,2,2,3
687467,2,,,,2,,,
687471,1,2,8,1,1,1,8,4
687491,,,,,,,,
687508,1,2,1,2,1,2,9,
687512,1,2,1,2,1,2,9,
687553,1,2,1,2,1,2,9,
687564,1,2,1,4,1,2,9,
687582,1,3,2,2,1,2,8,4
687630,2,,,,2,,,
687644,,,,,,,,
687678,,,,,,,,
687683,,,,,,,,
687831,,,,,,,,
687832,2,,,,2,,,
687841,,,,,,,,
687846,1,1,8,4,1,1,9,
687851,1,1,1,1,1,1,9,
687882,2,,,,2,,,
687883,2,,,,2,,,
687892,,,,,,,,
687893,1,1,8,1,1,1,8,1
687894,1,1,1,1,1,1,9,
687900,,,,,,,,
687916,1,3,2,4,1,2,9,
687917,1,1,1,4,1,1,9,
687923,,,,,,,,
687938,1,1,1,1,1,1,9,
687950,1,3,8,4,1,2,9,
687953,1,3,8,4,1,4,1,2
687955,1,7,1,2,1,7,9,
687971,1,4,2,3,1,1,9,
687987,1,3,2,3,1,4,3,3
687988,,,,,,,,
687990,,,,,,,,
687993,1,1,1,1,1,1,1,1
688003,1,2,8,1,1,1,8,1
688009,,,,,,,,
688018,1,2,4,3,1,2,9,
688022,1,2,9,,1,2,9,
688033,1,1,1,2,1,1,9,
688086,1,2,1,2,1,3,1,2
688097,,,,,,,,
688099,,,,,,,,
688111,,,,,,,,
688142,1,3,1,4,1,3,1,3
688149,1,2,1,1,1,2,9,
688159,1,1,1,4,1,1,9,
688162,1,2,1,4,1,2,8,5
688172,2,,,,2,,,
688204,1,7,9,,1,7,9,
688210,,,,,,,,
688212,1,2,1,1,1,2,1,1
688222,1,2,1,3,1,2,9,
688252,1,4,4,3,1,3,1,3
688276,1,1,1,2,1,1,8,4
688300,,,,,,,,
688325,2,,,,2,,,
688338,,,,,,,,
688360,1,2,1,2,1,2,9,
688377,,,,,,,,
688385,1,2,1,2,1,2,9,
688444,2,,,,2,,,
700011,1,2,8,4,1,1,8,4
700037,1,1,1,4,1,1,1,1
700067,1,2,1,4,1,2,9,
700073,1,2,1,1,1,1,1,1
700201,,,,,,,,
700221,2,,,,2,,,
700234,,,,,,,,
700235,1,3,2,4,1,3,2,2
700403,1,2,1,2,1,3,9,
700410,,,,,,,,
700508,1,2,8,1,1,2,9,
700531,1,3,1,4,1,3,1,4
700719,1,1,1,1,1,1,9,
700729,,,,,,,,
700752,1,2,1,1,1,2,9,
700818,1,1,1,1,1,1,9,
700833,,,,,,,,
700938,1,4,1,1,1,2,9,
701002,,,,,,,,
701059,2,,,,2,,,
701105,,,,,,,,
701229,,,,,,,,
701324,1,2,1,3,1,2,9,
701336,,,,,,,,
701436,2,,,,2,,,
701514,,,,,,,,
701531,,,,,,,,
701553,,,,,,,,
701604,1,4,7,2,1,3,9,
701620,,,,,,,,
701638,1,2,8,4,2,,,
701647,,,,,,,,
701653,,,,,,,,
701800,1,2,1,2,1,2,9,
701809,1,2,8,4,1,2,1,4
702023,,,,,,,,
702056,1,2,1,2,1,2,9,
702062,,,,,,,,
702150,,,,,,,,
702428,1,2,1,1,1,2,9,
702638,,,,,,,,
702643,,,,,,,,
702656,1,2,1,2,1,2,1,1
702771,1,2,1,1,1,2,9,
702954,,,,,,,,
702964,1,5,5,2,1,4,9,
703716,1,2,1,1,1,2,9,
703735,,,,,,,,
703746,,,,,,,,
703751,,,,,,,,
703808,1,2,8,4,1,2,9,
703902,1,1,1,1,1,1,9,
704018,1,2,1,1,1,2,9,
704113,,,,,,,,
704118,2,,,,2,,,
704146,1,4,6,4,1,4,6,4
704305,,,,,,,,
704323,2,,,,1,2,1,2
704365,1,2,1,3,1,2,1,1
704702,,,,,,,,
704752,1,3,8,4,1,3,9,
704832,2,,,,2,,,
704836,2,,,,2,,,
704911,1,2,1,1,1,2,9,
704927,1,2,1,2,1,2,9,
704932,,,,,,,,
705115,,,,,,,,
705205,2,,,,2,,,
705215,,,,,,,,
705238,,,,,,,,
705774,2,,,,2,,,
705821,2,,,,2,,,
706104,2,,,,2,,,
706234,1,2,1,4,1,2,9,
706329,2,,,,2,,,
706336,1,2,4,3,1,1,9,
706342,1,2,10,,1,2,9,
706422,,,,,,,,
706436,1,2,1,1,1,2,9,
706448,,,,,,,,
706456,1,2,1,2,1,2,9,
706524,,,,,,,,
706539,,,,,,,,
706628,2,,,,2,,,
706629,2,,,,2,,,
706634,2,,,,2,,,
706649,2,,,,2,,,
706656,,,,,,,,
706727,1,7,1,4,1,2,8,4
706805,,,,,,,,
706914,1,2,1,1,1,2,9,
706921,,,,,,,,
706926,,,,,,,,
707104,,,,,,,,
707106,,,,,,,,
707344,,,,,,,,
707537,,,,,,,,
707554,,,,,,,,
707663,1,2,1,2,1,2,9,
707734,,,,,,,,
707771,,,,,,,,
707811,1,2,1,2,1,2,9,
707900,1,4,1,5,1,4,9,
707916,,,,,,,,
707938,,,,,,,,
707941,1,3,1,2,1,2,9,
707963,1,5,6,4,1,4,9,
708043,1,4,2,4,1,3,9,
708090,,,,,,,,
708121,2,,,,2,,,
708434,1,4,2,4,1,4,9,
708447,,,,,,,,
708747,1,2,1,1,1,1,9,
708801,1,2,8,4,1,3,9,
708806,,,,,,,,
708825,1,2,8,1,1,2,9,
708831,1,4,2,1,1,2,9,
708840,1,2,8,1,1,2,9,
708920,1,3,8,1,1,1,9,
708922,2,,,,1,2,1,1
708924,,,,,,,,
709416,,,,,,,,
709421,1,2,1,1,1,2,1,1
709423,1,2,8,1,1,2,8,1
709426,1,2,1,2,1,2,9,
709442,1,2,1,2,1,2,1,2
709460,1,2,1,2,1,2,9,
709470,1,2,1,2,1,2,1,2
709504,,,,,,,,
709508,,,,,,,,
709519,,,,,,,,
709520,,,,,,,,
709524,2,,,,2,,,
709601,1,2,1,1,1,2,9,
709709,,,,,,,,
709803,1,4,8,4,1,2,9,
709830,1,2,1,1,1,2,9,
709950,2,,,,2,,,
709953,,,,,,,,
710010,1,2,1,5,1,2,9,
710165,,,,,,,,
710303,1,1,1,4,1,1,9,
710308,,,,,,,,
710318,1,1,1,4,1,1,9,
710415,1,3,1,2,1,3,9,
710547,1,1,8,1,1,1,8,1
710614,,,,,,,,
710624,1,1,1,4,1,2,9,
710771,,,,,,,,
710905,,,,,,,,
710917,,,,,,,,
710944,1,2,2,4,1,2,9,
711014,2,,,,2,,,
711107,,,,,,,,
711111,1,1,1,1,1,2,9,
711112,1,2,1,4,1,2,9,
711402,1,2,8,4,1,1,9,
711417,1,2,1,4,1,2,9,
711432,1,3,1,4,1,4,2,4
711434,1,2,8,2,1,2,9,
711467,1,2,1,2,1,2,9,
711479,1,2,1,1,1,2,9,
711521,,,,,,,,
711532,,,,,,,,
711611,,,,,,,,
711624,1,3,1,4,1,4,2,3
711660,1,7,2,3,1,7,9,
711802,,,,,,,,
711829,1,2,1,1,1,2,9,
711831,,,,,,,,
712116,1,4,6,4,1,4,5,3
712122,1,2,1,2,1,2,1,2
712127,1,2,1,3,1,4,4,3
712136,1,3,1,3,1,3,3,3
712148,1,2,1,2,1,2,1,2
712219,1,2,1,5,1,2,9,
712236,,,,,,,,
712308,1,3,10,,1,3,9,
712503,,,,,,,,
712609,2,,,,2,,,
712610,1,1,9,,1,1,9,
712755,1,1,1,1,1,1,9,
712812,1,3,8,4,1,2,9,
712905,2,,,,1,2,8,4
712925,,,,,,,,
713057,,,,,,,,
713163,,,,,,,,
713215,1,2,1,1,1,2,9,
713222,1,1,1,1,1,1,1,1
713247,,,,,,,,
713250,1,1,1,4,1,3,9,
713303,2,,,,2,,,
713319,2,,,,2,,,
713617,2,,,,2,,,
713642,1,2,8,4,2,,,
713676,1,1,1,1,1,1,9,
713755,,,,,,,,
713837,1,2,1,2,1,2,9,
713851,1,7,1,4,1,3,9,
713852,1,2,2,3,1,2,1,2
713854,2,,,,2,,,
713873,2,,,,2,,,
714008,,,,,,,,
714021,1,1,1,2,1,2,2,3
714029,,,,,,,,
714110,2,,,,1,2,1,2
714134,2,,,,2,,,
714238,,,,,,,,
714416,,,,,,,,
714430,1,7,8,4,2,,,
714508,,,,,,,,
714574,1,7,1,2,1,7,1,2
714602,,,,,,,,
714669,2,,,,2,,,
714709,2,,,,2,,,
714734,,,,,,,,
714811,,,,,,,,
714828,1,2,8,4,1,2,8,4
714833,,,,,,,,
714843,,,,,,,,
714863,,,,,,,,
714933,,,,,,,,
715001,,,,,,,,
715004,1,2,9,,1,2,9,
715014,,,,,,,,
715027,,,,,,,,
715065,1,2,1,3,1,2,10,
715138,1,2,1,1,1,2,9,
715221,2,,,,2,,,
715386,,,,,,,,
715392,1,3,1,2,1,3,1,2
715395,,,,,,,,
715469,1,3,2,2,1,3,9,
715481,,,,,,,,
715500,,,,,,,,
715508,1,3,2,4,1,3,9,
715551,,,,,,,,
715572,,,,,,,,
715632,,,,,,,,
715837,,,,,,,,
715847,1,2,1,4,1,2,8,4
715872,,,,,,,,
716023,1,2,1,1,1,2,9,
716105,1,2,2,3,1,2,1,2
716202,,,,,,,,
716203,,,,,,,,
716204,2,,,,2,,,
716305,2,,,,2,,,
716458,,,,,,,,
716500,1,5,3,3,1,2,9,
716507,1,2,8,4,1,2,9,
716532,,,,,,,,
716867,,,,,,,,
716908,1,2,8,1,1,2,8,1
717014,1,2,1,4,1,2,9,
717139,1,3,2,2,1,2,9,
717242,1,1,8,1,1,1,8,1
717311,,,,,,,,
717312,1,2,4,5,1,2,9,
717328,1,2,1,4,1,2,9,
717414,1,2,1,2,1,2,1,2
717535,2,,,,2,,,
717541,1,1,1,1,1,1,1,1
717605,1,4,2,2,1,2,1,2
717624,2,,,,2,,,
717669,1,2,2,3,1,2,8,1
717804,1,2,8,1,1,2,9,
717858,,,,,,,,
717871,,,,,,,,
717900,1,5,6,4,1,4,3,3
718005,1,2,8,4,1,1,9,
718006,,,,,,,,
718115,1,2,8,1,1,2,8,1
718212,,,,,,,,
718252,1,2,1,2,2,,,
718506,1,2,9,,1,2,9,
718526,,,,,,,,
718531,1,2,8,4,1,2,8,4
718600,1,3,1,2,1,3,2,5
718610,1,2,8,1,1,1,9,
718621,1,2,1,2,1,2,8,5
718624,1,2,8,1,1,2,9,
718645,1,2,8,1,1,2,9,
718738,,,,,,,,
718767,1,2,1,2,1,2,9,
718837,2,,,,2,,,
718910,1,2,5,3,1,2,2,3
719025,1,2,1,1,1,2,9,
719033,,,,,,,,
719121,2,,,,2,,,
719334,,,,,,,,
719358,,,,,,,,
719528,,,,,,,,
719609,,,,,,,,
719613,1,1,1,2,1,1,9,
719615,2,,,,2,,,
719647,,,,,,,,
719679,,,,,,,,
719712,1,1,10,,1,1,9,
719714,1,1,8,4,1,1,9,
719722,,,,,,,,
719801,,,,,,,,
719810,1,2,1,2,1,2,1,2
719835,1,2,8,1,1,3,9,
720003,1,1,8,5,1,1,10,
720009,1,1,8,1,1,1,8,1
720116,2,,,,2,,,
720138,2,,,,2,,,
720139,1,2,2,3,1,2,9,
720256,1,3,1,3,1,2,9,
720415,1,4,2,3,1,4,3,3
720416,1,2,1,2,1,2,1,1
720566,2,,,,2,,,
720610,2,,,,2,,,
720646,1,1,1,1,1,1,9,
720883,1,3,2,2,1,3,9,
721201,1,2,8,4,1,2,9,
721345,1,1,1,1,1,1,1,1
721521,1,1,8,4,1,1,9,
721631,1,2,1,4,1,2,1,1
721747,1,2,8,1,1,2,9,
721768,,,,,,,,
721777,1,2,1,1,1,3,1,1
721843,1,2,2,3,1,2,9,
721862,1,2,1,4,1,2,9,
722003,,,,,,,,
722007,,,,,,,,
722013,,,,,,,,
722021,,,,,,,,
722075,,,,,,,,
722104,,,,,,,,
722139,,,,,,,,
722145,1,2,1,1,1,1,9,
722310,1,2,8,4,1,2,8,4
722321,,,,,,,,
722324,1,2,1,2,1,2,9,
722332,,,,,,,,
722364,,,,,,,,
722365,1,3,2,4,2,,,
722447,1,2,1,2,1,2,9,
722505,,,,,,,,
722608,1,2,9,,1,1,9,
722647,,,,,,,,
722720,1,4,5,4,1,4,3,3
722812,1,3,2,3,1,2,9,
722862,,,,,,,,
723448,1,4,6,4,1,2,9,
723480,,,,,,,,
723492,,,,,,,,
723504,1,4,2,3,1,4,3,3
723507,1,3,2,3,1,2,1,2
723535,,,,,,,,
723666,1,4,4,2,1,2,9,
723747,,,,,,,,
724205,,,,,,,,
724209,1,2,1,1,1,2,1,1
724508,2,,,,2,,,
724523,,,,,,,,
724537,1,1,8,4,1,1,9,
724549,1,2,1,1,1,2,9,
724665,1,2,1,1,2,,,
724714,1,2,1,2,1,2,1,4
724818,,,,,,,,
724867,1,2,1,4,1,2,9,
724926,1,2,8,4,1,2,9,
724966,,,,,,,,
725100,2,,,,2,,,
725206,2,,,,2,,,
725402,2,,,,2,,,
725509,1,2,1,2,1,2,1,2
725622,1,2,1,1,1,1,9,
725643,1,2,10,,1,2,9,
725705,,,,,,,,
725726,,,,,,,,
725901,,,,,,,,
725902,1,2,1,3,1,2,9,
725908,,,,,,,,
726146,,,,,,,,
726209,2,,,,2,,,
726234,1,1,1,1,1,2,9,
726274,,,,,,,,
726608,1,1,1,3,1,2,9,
726740,1,3,8,4,1,2,8,4
726743,,,,,,,,
726867,,,,,,,,
726906,2,,,,2,,,
727001,1,2,1,1,1,2,9,
727029,,,,,,,,
727138,2,,,,2,,,
727170,1,3,2,2,1,2,9,
727171,,,,,,,,
727179,1,5,4,2,1,4,3,3
727267,,,,,,,,
727318,,,,,,,,
727339,1,2,1,1,1,2,9,
727402,2,,,,2,,,
727405,,,,,,,,
727513,,,,,,,,
727531,2,,,,2,,,
727537,1,1,1,1,1,1,9,
727567,2,,,,2,,,
727604,2,,,,2,,,
727740,1,1,8,1,1,1,1,2
727842,2,,,,2,,,
728000,1,2,1,4,1,2,1,4
728160,,,,,,,,
728306,1,3,8,2,1,3,9,
728605,,,,,,,,
728648,2,,,,2,,,
728665,2,,,,2,,,
728734,1,5,3,3,1,5,3,3
728852,2,,,,2,,,
728890,1,4,8,4,1,3,9,
729038,1,3,1,2,1,3,9,
729232,1,2,8,4,1,2,9,
729308,,,,,,,,
729310,1,1,1,2,1,1,1,1
729412,,,,,,,,
729507,,,,,,,,
729515,,,,,,,,
729737,,,,,,,,
729753,,,,,,,,
729822,,,,,,,,
730040,,,,,,,,
730105,1,3,2,2,1,3,9,
730217,,,,,,,,
730271,,,,,,,,
730308,,,,,,,,
730333,,,,,,,,
730712,1,1,1,2,1,1,9,
730807,,,,,,,,
730815,1,2,1,4,1,1,9,
730858,,,,,,,,
730876,,,,,,,,
730901,,,,,,,,
730939,,,,,,,,
731159,,,,,,,,
731344,1,2,2,2,1,4,9,
731373,1,2,1,2,1,2,9,
731413,1,3,2,2,1,2,9,
731421,,,,,,,,
731660,,,,,,,,
731805,2,,,,2,,,
732011,,,,,,,,
732013,1,2,2,3,1,1,9,
732041,,,,,,,,
732042,,,,,,,,
732118,,,,,,,,
732301,1,3,2,3,1,3,9,
732308,2,,,,2,,,
732343,2,,,,2,,,
732360,2,,,,2,,,
732371,2,,,,2,,,
732601,1,2,1,1,1,2,9,
732815,2,,,,2,,,
732846,,,,,,,,
733036,1,2,1,1,1,2,9,
733049,1,3,1,3,1,2,9,
733054,,,,,,,,
733145,2,,,,2,,,
733210,,,,,,,,
733216,1,2,1,1,1,2,1,1
733271,2,,,,2,,,
733346,2,,,,2,,,
733351,1,2,10,,1,2,9,
733426,1,3,8,4,1,3,1,3
733500,2,,,,2,,,
733514,1,4,2,4,1,4,2,4
733557,2,,,,2,,,
733605,2,,,,2,,,
733612,1,2,1,2,1,2,9,
733643,,,,,,,,
733713,,,,,,,,
733811,1,7,10,,2,,,
733935,,,,,,,,
733949,1,1,1,1,1,2,1,1
733950,2,,,,2,,,
734018,,,,,,,,
734034,,,,,,,,
734103,,,,,,,,
734115,1,1,8,4,1,1,9,
734141,,,,,,,,
734148,1,4,8,4,1,4,9,
734153,1,1,8,1,1,1,9,
734205,,,,,,,,
734214,2,,,,2,,,
734259,,,,,,,,
734546,1,3,1,3,1,3,4,3
734760,,,,,,,,
734833,,,,,,,,
734835,2,,,,2,,,
734969,1,2,1,4,1,2,9,
734978,,,,,,,,
735004,,,,,,,,
735005,,,,,,,,
735009,,,,,,,,
735030,1,1,8,1,1,2,9,
735104,1,4,2,3,1,2,9,
735119,1,1,1,1,1,1,1,1
735143,1,2,1,2,1,2,9,
735250,2,,,,2,,,
735302,1,1,1,1,1,1,9,
735328,,,,,,,,
735345,,,,,,,,
735401,1,2,1,2,1,2,9,
735426,2,,,,2,,,
735431,1,1,1,1,2,,,
735436,,,,,,,,
735616,,,,,,,,
735624,,,,,,,,
735734,,,,,,,,
735747,1,2,1,2,1,2,2,3
735976,,,,,,,,
736010,1,1,1,4,1,1,9,
736037,,,,,,,,
736206,1,1,9,,1,1,9,
736212,1,2,9,,1,3,9,
736476,1,4,2,3,1,3,2,3
736534,1,1,1,1,1,1,9,
736579,1,1,1,1,1,1,9,
736657,1,2,1,1,1,2,9,
736703,2,,,,2,,,
736753,,,,,,,,
736862,,,,,,,,
736918,1,7,1,2,1,1,9,
736919,,,,,,,,
736921,1,5,6,4,1,5,9,
736939,,,,,,,,
737063,,,,,,,,
737110,,,,,,,,
737208,,,,,,,,
737215,,,,,,,,
737218,,,,,,,,
737336,1,3,2,3,1,2,9,
737343,,,,,,,,
737401,1,2,2,3,1,2,9,
737406,1,2,1,2,1,2,9,
737420,1,2,1,3,1,2,9,
737436,1,5,6,2,1,5,6,2
737461,,,,,,,,
737479,1,2,2,3,1,2,9,
737711,1,1,8,1,1,1,9,
737746,1,3,8,4,1,2,1,4
737826,1,2,1,2,1,2,9,
737860,2,,,,2,,,
737878,,,,,,,,
737902,1,2,1,1,1,2,9,
738152,2,,,,2,,,
800002,,,,,,,,
800003,1,3,1,2,1,4,9,
800008,1,2,1,4,1,3,9,
800015,,,,,,,,
800020,,,,,,,,
800029,1,2,1,2,1,2,9,
800041,,,,,,,,
800044,,,,,,,,
800061,1,3,2,4,1,2,1,2
800106,1,2,1,4,1,1,9,
800112,,,,,,,,
800120,1,1,1,4,1,1,9,
800134,1,1,1,4,1,1,9,
800171,1,2,1,2,1,2,9,
800179,1,2,1,1,1,1,9,
800180,2,,,,2,,,
800184,1,1,1,1,1,1,9,
800260,1,2,9,,1,2,9,
800269,2,,,,2,,,
800270,1,1,1,1,1,1,1,1
800274,2,,,,2,,,
800277,,,,,,,,
800286,,,,,,,,
800308,,,,,,,,
800335,,,,,,,,
800386,,,,,,,,
800479,,,,,,,,
800483,1,1,1,2,1,1,8,4
800500,2,,,,2,,,
800518,,,,,,,,
800525,1,2,1,2,1,2,9,
800543,1,4,6,4,1,2,9,
800549,,,,,,,,
800550,,,,,,,,
800552,1,1,8,1,1,2,9,
800593,2,,,,2,,,
800600,1,2,8,1,1,2,8,1
800614,1,3,8,4,1,2,9,
800625,1,2,1,1,1,2,9,
800671,,,,,,,,
800683,,,,,,,,
800692,1,7,10,,1,2,1,4
800694,1,3,8,4,1,3,9,
800705,1,2,8,4,1,2,9,
800706,,,,,,,,
800821,1,2,1,4,1,2,9,
800833,,,,,,,,
800836,,,,,,,,
800842,1,2,1,1,1,2,9,
800851,,,,,,,,
800853,,,,,,,,
800862,,,,,,,,
800902,,,,,,,,
800906,,,,,,,,
800910,1,2,1,4,1,2,1,4
800924,1,2,1,4,1,2,9,
800937,1,1,1,2,1,2,9,
800959,1,2,8,1,1,2,9,
800964,2,,,,1,1,9,
800966,,,,,,,,
800973,,,,,,,,
800981,1,4,2,3,1,4,2,3
800984,,,,,,,,
800986,1,1,1,2,1,1,8,1
800999,1,1,2,3,1,1,9,
801011,,,,,,,,
801028,1,2,8,1,1,2,8,1
801032,,,,,,,,
801034,,,,,,,,
801037,1,3,1,3,1,4,2,4
801040,1,2,2,5,1,2,9,
801053,1,2,1,1,1,1,9,
801104,1,2,1,5,1,1,9,
801111,,,,,,,,
801114,,,,,,,,
801116,1,2,1,3,1,2,8,5
801202,1,2,1,1,1,2,1,1
801221,1,1,1,4,1,1,8,1
801229,,,,,,,,
801235,2,,,,2,,,
801263,1,5,5,3,1,4,9,
801271,,,,,,,,
801279,,,,,,,,
801288,,,,,,,,
801289,,,,,,,,
801317,,,,,,,,
801319,2,,,,2,,,
801332,2,,,,2,,,
801368,2,,,,2,,,
801380,2,,,,2,,,
801442,,,,,,,,
801448,1,4,1,2,1,4,3,3
801457,1,2,2,4,1,1,9,
801463,1,2,1,1,1,2,1,1
801477,,,,,,,,
801484,2,,,,2,,,
801486,1,2,1,2,1,2,9,
801489,2,,,,2,,,
801506,1,3,1,1,1,2,1,1
801518,1,2,1,1,1,2,8,4
801523,1,7,1,1,1,7,1,1
801528,1,2,8,1,1,1,8,1
801533,,,,,,,,
801536,1,3,8,4,1,1,1,2
801543,1,2,1,3,1,1,9,
801558,1,1,8,1,1,1,8,1
801596,1,1,1,2,1,1,9,
801599,1,2,1,2,1,2,9,
801622,1,3,4,4,1,2,9,
801626,1,1,1,2,1,1,9,
801653,,,,,,,,
801686,1,3,1,4,1,2,9,
801705,1,1,1,2,1,1,9,
801773,1,4,2,3,1,3,1,3
801788,,,,,,,,
801789,1,2,1,2,1,2,9,
801798,,,,,,,,
801812,1,2,1,1,1,2,9,
801833,,,,,,,,
801851,1,2,1,2,1,2,9,
801874,2,,,,2,,,
801878,1,3,2,4,1,2,9,
801892,,,,,,,,
801899,1,1,8,4,1,1,9,
801905,1,4,2,2,1,2,9,
801906,1,3,1,2,1,2,9,
801907,1,3,4,3,1,3,9,
801908,1,3,2,3,1,2,9,
801948,2,,,,2,,,
801955,2,,,,2,,,
801985,2,,,,2,,,
801986,2,,,,2,,,
801999,2,,,,2,,,
802003,,,,,,,,
802004,,,,,,,,
802007,,,,,,,,
802020,,,,,,,,
802038,1,2,8,4,1,2,8,4
802066,,,,,,,,
802107,1,1,1,3,1,1,9,
802126,,,,,,,,
802127,1,1,1,4,1,1,9,
802133,2,,,,2,,,
802145,,,,,,,,
802186,1,2,1,1,1,2,9,
802223,1,1,1,1,1,1,9,
802238,1,2,7,2,1,2,9,
802253,,,,,,,,
802257,1,2,9,,1,2,9,
802258,1,2,1,3,1,2,9,
802261,,,,,,,,
802275,,,,,,,,
802281,1,2,8,4,1,2,9,
802297,,,,,,,,
802300,1,1,1,1,1,1,1,1
802307,2,,,,2,,,
802324,,,,,,,,
802326,,,,,,,,
802337,,,,,,,,
802349,1,2,1,2,1,2,9,
802364,1,2,1,3,1,2,9,
802365,1,2,1,1,1,1,9,
802376,,,,,,,,
802425,1,1,1,4,1,1,9,
802428,2,,,,2,,,
802451,,,,,,,,
802480,,,,,,,,
802497,,,,,,,,
802563,2,,,,2,,,
802564,,,,,,,,
802594,,,,,,,,
802595,1,3,2,2,1,2,8,4
802601,1,2,2,3,1,2,9,
802646,2,,,,2,,,
802656,2,,,,2,,,
802675,1,4,2,2,1,2,9,
802684,,,,,,,,
802709,,,,,,,,
802724,1,1,1,4,1,1,9,
802726,,,,,,,,
802737,,,,,,,,
802761,,,,,,,,
802857,2,,,,2,,,
802864,,,,,,,,
802882,2,,,,2,,,
802905,1,4,3,3,1,3,9,
802927,,,,,,,,
802967,2,,,,2,,,
802977,2,,,,2,,,
802988,,,,,,,,
803022,,,,,,,,
803023,2,,,,2,,,
803043,,,,,,,,
803055,,,,,,,,
803101,,,,,,,,
803154,,,,,,,,
803205,2,,,,2,,,
803242,,,,,,,,
803294,,,,,,,,
803312,2,,,,2,,,
803318,2,,,,2,,,
803348,2,,,,2,,,
803362,,,,,,,,
803371,1,2,1,2,1,2,1,2
803376,,,,,,,,
803377,1,3,1,4,1,4,9,
803463,,,,,,,,
803501,1,2,1,1,1,2,9,
803525,1,4,1,1,1,3,1,1
803527,1,1,1,4,1,2,9,
803532,1,2,1,4,1,2,9,
803533,1,2,1,1,1,2,1,1
803544,1,1,1,1,1,2,9,
803555,,,,,,,,
803562,1,2,1,4,1,2,1,1
803566,1,1,1,4,1,1,9,
803570,1,2,2,4,1,2,9,
803600,1,3,5,4,1,5,3,3
803632,1,2,1,2,1,2,9,
803668,,,,,,,,
803685,,,,,,,,
803770,1,2,1,4,1,1,9,
803804,2,,,,2,,,
803819,,,,,,,,
803842,1,3,2,2,1,2,9,
803879,2,,,,2,,,
803887,1,2,8,4,1,2,8,4
803904,1,2,2,4,1,2,9,
803906,1,3,1,2,1,3,9,
803916,1,1,1,4,1,1,1,4
803917,2,,,,2,,,
803919,1,2,1,2,1,2,9,
803923,1,2,1,2,1,2,9,
803936,2,,,,2,,,
803941,,,,,,,,
803965,,,,,,,,
803973,1,3,1,4,1,3,9,
803979,2,,,,2,,,
804000,1,2,1,1,1,2,9,
804016,,,,,,,,
804119,1,3,2,1,1,3,9,
804172,1,4,2,3,1,2,9,
804196,1,2,8,1,1,2,8,1
804209,1,2,8,1,1,2,8,1
804210,,,,,,,,
804253,2,,,,2,,,
804293,,,,,,,,
804318,2,,,,2,,,
804343,,,,,,,,
804346,1,2,8,4,1,2,9,
804348,,,,,,,,
804351,2,,,,2,,,
804381,,,,,,,,
804385,,,,,,,,
804399,,,,,,,,
804409,2,,,,2,,,
804434,1,1,9,,1,1,9,
804441,,,,,,,,
804449,2,,,,2,,,
804454,2,,,,2,,,
804465,,,,,,,,
804478,1,1,1,1,1,2,9,
804489,,,,,,,,
804499,,,,,,,,
804504,2,,,,2,,,
804515,,,,,,,,
804525,2,,,,2,,,
804555,,,,,,,,
804556,1,1,1,2,1,1,8,4
804631,,,,,,,,
804670,,,,,,,,
804681,1,1,1,1,1,1,9,
804684,,,,,,,,
804699,1,1,8,4,1,1,8,4
804726,1,2,2,4,1,1,9,
804762,,,,,,,,
804825,1,2,1,2,1,3,1,4
804854,1,1,1,1,1,1,1,1
804882,1,2,1,4,1,2,9,
804930,,,,,,,,
804950,2,,,,2,,,
804951,1,2,1,2,1,2,9,
804962,,,,,,,,
804966,,,,,,,,
804972,1,1,8,1,1,1,9,
804974,1,1,1,2,1,1,9,
805006,1,1,1,2,1,1,1,2
805012,1,5,5,4,1,3,4,2
805041,2,,,,2,,,
805043,,,,,,,,
805052,1,1,1,1,1,1,1,1
805076,2,,,,2,,,
805077,,,,,,,,
805154,2,,,,1,1,1,1
805162,,,,,,,,
805165,1,1,1,2,1,1,9,
805179,,,,,,,,
805180,1,1,1,1,1,1,1,1
805183,1,2,1,4,1,1,9,
805189,,,,,,,,
805190,1,4,2,3,1,4,3,3
805192,1,2,1,1,1,1,9,
805204,1,1,1,1,1,1,9,
805225,2,,,,2,,,
805248,,,,,,,,
805298,2,,,,2,,,
805301,1,2,1,3,1,2,9,
805306,1,4,5,3,1,4,3,3
805310,,,,,,,,
805321,1,1,1,2,1,2,9,
805330,2,,,,2,,,
805349,1,2,1,2,1,2,9,
805358,,,,,,,,
805371,1,4,7,4,1,4,2,4
805376,2,,,,2,,,
805402,1,2,1,4,1,2,9,
805436,1,1,1,1,1,2,9,
805449,1,2,2,3,1,1,9,
805467,1,4,4,3,1,3,2,4
805470,1,1,1,2,1,1,1,2
805475,1,2,8,4,1,2,9,
805518,1,2,8,4,1,2,9,
805524,1,2,7,4,1,2,9,
805550,1,3,8,4,1,2,9,
805556,,,,,,,,
805570,1,2,1,4,1,3,1,4
805678,1,2,1,2,1,2,9,
805691,1,3,1,3,1,1,9,
805693,,,,,,,,
805714,1,2,8,1,1,1,9,
805725,,,,,,,,
805737,2,,,,2,,,
805742,1,2,1,1,1,2,9,
805783,2,,,,2,,,
805793,2,,,,2,,,
805799,1,2,1,1,1,2,9,
805804,,,,,,,,
805816,,,,,,,,
805818,1,2,1,1,1,2,9,
805827,,,,,,,,
805834,1,3,1,2,1,2,9,
805842,1,2,1,1,1,2,9,
805847,1,2,1,2,1,2,9,
805851,1,2,1,2,1,2,9,
805868,2,,,,2,,,
805869,1,2,2,3,1,2,9,
805932,1,2,8,4,1,2,9,
805933,,,,,,,,
805938,1,2,2,3,1,2,9,
805942,1,1,9,,1,1,9,
805959,,,,,,,,
805981,,,,,,,,
805990,1,3,9,,1,2,9,
806067,,,,,,,,
806076,1,2,1,3,1,2,9,
806088,1,3,1,2,1,2,9,
806093,1,2,8,4,1,2,1,2
806096,1,1,1,2,1,1,9,
806116,,,,,,,,
806148,1,2,1,2,1,2,9,
806185,1,2,7,1,1,2,7,1
806191,1,2,1,2,1,2,9,
806215,,,,,,,,
806219,,,,,,,,
806221,1,1,1,1,1,1,9,
806223,2,,,,1,2,1,2
806239,1,2,1,1,1,2,1,1
806246,,,,,,,,
806261,1,2,1,1,1,2,9,
806282,,,,,,,,
806284,2,,,,2,,,
806299,2,,,,2,,,
806329,2,,,,2,,,
806331,,,,,,,,
806333,1,2,2,2,1,2,9,
806339,,,,,,,,
806344,2,,,,2,,,
806390,,,,,,,,
806430,1,5,2,3,1,4,3,3
806494,1,2,1,3,1,2,9,
806495,1,2,1,2,1,2,9,
806521,1,2,7,4,1,2,1,4
806523,1,2,1,4,1,2,9,
806524,1,2,1,2,1,2,9,
806531,,,,,,,,
806540,1,2,1,4,1,2,9,
806556,,,,,,,,
806557,,,,,,,,
806560,,,,,,,,
806570,,,,,,,,
806578,2,,,,2,,,
806593,1,2,8,4,1,2,9,
806597,,,,,,,,
806629,2,,,,2,,,
806630,,,,,,,,
806639,,,,,,,,
806642,2,,,,2,,,
806650,1,2,1,1,1,2,9,
806655,2,,,,2,,,
806675,,,,,,,,
806680,,,,,,,,
806700,1,1,1,1,1,1,1,1
806729,1,1,8,1,1,1,1,1
806733,1,1,8,4,1,1,1,1
806760,,,,,,,,
806807,2,,,,2,,,
806860,,,,,,,,
806868,1,3,1,2,1,2,9,
806884,,,,,,,,
806906,,,,,,,,
806914,,,,,,,,
806916,1,2,1,1,1,2,9,
806921,1,2,8,4,1,2,9,
806942,1,2,9,,1,1,8,5
806947,1,2,1,5,1,2,9,
806948,1,2,1,5,1,2,8,5
806952,1,2,1,1,1,2,9,
806956,,,,,,,,
806957,,,,,,,,
806958,,,,,,,,
806973,1,2,1,2,1,2,9,
806984,1,5,3,3,1,3,9,
807042,1,4,1,1,1,4,1,4
807048,2,,,,1,5,2,3
807050,1,2,1,1,1,2,9,
807051,1,2,8,4,1,2,1,4
807054,1,2,1,1,1,2,9,
807097,1,2,1,1,1,2,9,
807103,1,2,7,4,1,2,9,
807111,,,,,,,,
807118,,,,,,,,
807120,2,,,,1,2,1,2
807128,1,2,1,2,1,2,1,2
807129,,,,,,,,
807140,1,1,1,1,1,1,1,2
807146,1,2,1,2,1,2,9,
807157,,,,,,,,
807196,,,,,,,,
807199,,,,,,,,
807202,,,,,,,,
807204,,,,,,,,
807219,,,,,,,,
807225,1,2,1,2,1,1,9,
807231,,,,,,,,
807239,1,2,1,2,1,2,1,2
807263,,,,,,,,
807288,,,,,,,,
807289,1,2,1,4,1,2,9,
807303,1,4,7,4,1,4,2,4
807332,2,,,,2,,,
807375,2,,,,2,,,
807442,1,2,1,1,1,2,1,4
807537,2,,,,2,,,
807538,1,3,2,1,1,2,2,3
807541,1,2,1,1,1,2,9,
807556,,,,,,,,
807557,1,3,8,4,1,2,9,
807579,,,,,,,,
807597,2,,,,2,,,
807601,,,,,,,,
807605,2,,,,2,,,
807613,1,1,8,1,1,2,8,1
807618,1,4,1,4,1,7,9,
807625,,,,,,,,
807630,1,2,1,1,1,2,1,1
807635,1,2,1,4,1,2,9,
807638,1,1,8,1,1,1,9,
807648,1,3,8,4,1,7,8,4
807651,1,1,1,1,1,1,9,
807659,1,1,1,1,1,1,1,1
807685,,,,,,,,
807699,,,,,,,,
807762,2,,,,2,,,
807789,1,3,2,4,1,3,9,
807792,2,,,,2,,,
807821,1,2,1,4,1,2,9,
807838,1,2,1,1,1,2,9,
807849,,,,,,,,
807917,2,,,,2,,,
807925,,,,,,,,
807927,,,,,,,,
807950,2,,,,2,,,
807953,,,,,,,,
807958,,,,,,,,
807962,,,,,,,,
807965,2,,,,2,,,
807971,2,,,,2,,,
807985,2,,,,2,,,
808002,,,,,,,,
808010,1,3,1,4,1,3,9,
808063,1,2,2,5,1,2,9,
808106,1,2,8,4,1,2,9,
808122,,,,,,,,
808177,2,,,,2,,,
808182,2,,,,2,,,
808184,2,,,,2,,,
808189,2,,,,2,,,
808209,1,2,1,4,1,2,9,
808307,1,2,4,3,1,2,1,1
808309,1,2,1,4,1,1,9,
808311,1,2,1,2,1,1,1,1
808314,1,2,1,1,1,1,1,1
808316,,,,,,,,
808391,1,2,8,4,1,2,8,4
808445,1,7,2,3,1,7,2,3
808449,,,,,,,,
808450,,,,,,,,
808462,,,,,,,,
808478,1,5,6,4,1,5,9,
808489,,,,,,,,
808490,1,2,1,1,1,1,9,
808500,1,2,1,4,1,2,9,
808524,2,,,,2,,,
808525,1,2,1,4,1,2,9,
808541,,,,,,,,
808545,,,,,,,,
808554,,,,,,,,
808593,1,3,2,4,1,3,1,4
808614,,,,,,,,
808625,,,,,,,,
808630,1,4,4,3,1,4,4,3
808648,1,3,8,4,2,,,
808692,1,2,1,2,1,2,9,
808712,,,,,,,,
808758,2,,,,2,,,
808778,,,,,,,,
808792,,,,,,,,
808870,,,,,,,,
808890,,,,,,,,
808910,2,,,,2,,,
808917,,,,,,,,
808947,,,,,,,,
808977,1,3,2,2,2,,,
809016,,,,,,,,
809027,1,2,1,1,1,2,9,
809038,,,,,,,,
809075,,,,,,,,
809100,,,,,,,,
809120,,,,,,,,
809121,,,,,,,,
809129,1,1,1,1,1,2,9,
809136,,,,,,,,
809172,1,1,8,4,1,1,9,
809230,1,2,1,4,1,2,9,
809233,1,1,1,1,1,1,9,
809254,1,2,1,4,1,1,9,
809268,,,,,,,,
809285,1,2,8,4,1,1,9,
809289,1,1,1,1,1,1,1,1
809294,1,4,1,4,1,3,9,
809303,,,,,,,,
809351,1,2,1,2,1,2,9,
809382,,,,,,,,
809424,,,,,,,,
809433,2,,,,2,,,
809439,,,,,,,,
809488,1,2,2,3,1,2,9,
809557,1,1,9,,1,1,9,
809567,1,2,1,4,1,3,1,1
809569,1,2,1,2,1,2,1,2
809579,1,1,9,,1,1,9,
809594,1,3,8,4,1,3,9,
809608,1,1,8,1,1,1,9,
809625,1,1,8,1,1,1,8,1
809643,1,2,1,4,1,1,9,
809740,,,,,,,,
809742,,,,,,,,
809753,,,,,,,,
809759,,,,,,,,
809765,,,,,,,,
809784,,,,,,,,
809786,,,,,,,,
809811,,,,,,,,
809813,,,,,,,,
809824,1,2,1,1,1,2,9,
809825,1,1,1,1,1,1,9,
809829,1,2,1,2,1,2,9,
809835,1,2,1,2,1,2,9,
809838,2,,,,2,,,
809841,,,,,,,,
809852,,,,,,,,
809855,,,,,,,,
809856,1,1,1,1,1,1,9,
809860,,,,,,,,
809861,,,,,,,,
809867,,,,,,,,
809869,,,,,,,,
809876,,,,,,,,
809897,2,,,,2,,,
810017,2,,,,2,,,
810030,,,,,,,,
810032,,,,,,,,
810035,2,,,,2,,,
810093,,,,,,,,
810099,1,1,1,1,1,1,8,1
810115,1,1,8,1,1,1,8,1
810167,1,1,8,1,1,1,8,1
810180,2,,,,2,,,
810183,1,1,8,1,1,1,8,1
810358,,,,,,,,
810360,1,2,1,1,1,2,9,
810365,,,,,,,,
810366,1,2,6,4,1,2,9,
810367,1,2,1,5,1,2,9,
810375,1,3,8,1,1,2,9,
810378,1,2,1,4,1,2,9,
810416,2,,,,2,,,
810424,1,2,2,2,1,3,2,2
810467,2,,,,2,,,
810482,,,,,,,,
810485,,,,,,,,
810514,1,7,10,,1,3,1,3
810529,1,2,1,4,1,2,9,
810544,1,2,9,,1,2,9,
810555,,,,,,,,
810560,,,,,,,,
810597,1,2,8,4,1,2,8,4
810647,1,3,1,2,1,2,9,
810659,1,5,9,,1,4,9,
810686,2,,,,2,,,
810772,,,,,,,,
810774,,,,,,,,
810778,1,2,1,2,1,2,9,
810785,,,,,,,,
810802,1,4,6,4,1,3,9,
810818,1,5,5,2,1,5,9,
810835,1,4,9,,1,4,9,
810893,,,,,,,,
810946,1,2,8,1,1,2,9,
810948,,,,,,,,
810967,1,2,8,1,1,2,8,1
810978,1,2,1,2,1,2,9,
810980,1,2,1,2,1,2,9,
810990,1,2,1,2,1,2,1,2
810993,1,2,8,4,1,2,8,4
810998,1,2,9,,1,2,9,
811002,1,2,1,4,1,2,9,
811018,,,,,,,,
811035,1,2,1,2,1,2,9,
811094,1,3,2,3,1,3,9,
811156,,,,,,,,
811158,1,3,1,2,1,3,1,2
811168,1,2,8,1,1,2,8,1
811169,,,,,,,,
811184,1,3,2,3,1,3,2,3
811187,1,2,1,1,1,2,1,1
811189,,,,,,,,
811234,1,2,8,4,1,2,8,4
811242,,,,,,,,
811259,,,,,,,,
811277,2,,,,2,,,
811279,1,2,1,4,1,1,9,
811282,1,2,1,1,1,1,9,
811357,1,2,8,4,1,3,9,
811381,1,2,1,1,1,2,9,
811429,1,1,8,1,1,1,9,
811447,1,4,5,4,1,4,3,3
811449,,,,,,,,
811456,1,4,1,4,1,2,9,
811479,,,,,,,,
811504,1,2,1,2,1,2,1,2
811505,1,3,2,2,2,,,
811506,,,,,,,,
811536,1,2,6,4,1,2,9,
811550,,,,,,,,
811571,1,1,1,1,1,1,9,
811573,1,2,1,4,1,1,9,
811586,1,2,8,4,1,2,9,
811626,2,,,,2,,,
811657,,,,,,,,
811677,,,,,,,,
811700,,,,,,,,
811709,1,1,8,1,1,1,8,1
811746,1,2,8,4,1,2,8,4
811766,,,,,,,,
811782,,,,,,,,
811784,,,,,,,,
811789,1,1,1,2,1,1,9,
811791,1,2,1,1,1,2,1,4
811793,1,2,1,1,1,2,9,
811794,1,1,1,1,1,1,9,
811798,,,,,,,,
811806,1,2,1,1,1,2,9,
811807,1,7,1,1,1,7,1,1
811808,,,,,,,,
811809,2,,,,2,,,
811822,,,,,,,,
811824,1,2,1,4,1,2,9,
811852,2,,,,2,,,
811858,1,2,8,1,1,2,9,
811874,1,2,1,2,1,2,9,
811903,1,2,1,1,1,3,9,
811927,,,,,,,,
811930,1,2,1,2,1,2,9,
811946,1,2,1,2,1,2,9,
811947,,,,,,,,
811957,,,,,,,,
811961,1,1,1,1,1,2,9,
811989,,,,,,,,
811991,,,,,,,,
812007,1,3,2,4,1,4,3,3
812009,1,4,4,3,1,5,6,4
812022,2,,,,2,,,
812024,,,,,,,,
812026,1,1,1,1,1,1,9,
812029,,,,,,,,
812034,2,,,,2,,,
812035,,,,,,,,
812042,,,,,,,,
812054,,,,,,,,
812062,2,,,,2,,,
812064,2,,,,2,,,
812065,2,,,,2,,,
812072,1,5,9,,2,,,
812077,,,,,,,,
812094,,,,,,,,
812151,,,,,,,,
812157,1,3,1,3,1,2,9,
812163,,,,,,,,
812170,,,,,,,,
812219,1,4,2,3,1,4,2,3
812248,1,2,2,3,1,2,9,
812255,1,1,8,4,1,2,9,
812290,2,,,,2,,,
812320,2,,,,2,,,
812325,2,,,,2,,,
812343,,,,,,,,
812345,,,,,,,,
812380,,,,,,,,
812416,1,2,1,2,1,2,9,
812450,1,1,8,1,1,2,1,1
812466,1,1,1,2,1,1,1,1
812503,2,,,,2,,,
812523,1,1,1,4,1,1,9,
812544,,,,,,,,
812559,1,1,1,4,1,1,9,
812567,,,,,,,,
812568,1,3,4,3,1,4,3,3
812650,1,3,2,4,1,3,9,
812654,2,,,,2,,,
812712,1,4,3,3,1,2,9,
812717,1,2,1,1,1,2,9,
812718,,,,,,,,
812732,,,,,,,,
812740,1,2,1,1,1,2,9,
812750,,,,,,,,
812752,,,,,,,,
812753,1,2,1,2,1,2,2,3
812757,1,2,1,1,1,2,9,
812770,2,,,,2,,,
812777,2,,,,2,,,
812787,2,,,,2,,,
812813,2,,,,2,,,
812850,,,,,,,,
812851,1,1,1,1,1,1,9,
812854,,,,,,,,
812856,2,,,,2,,,
812863,2,,,,2,,,
812865,2,,,,1,3,9,
812887,1,3,2,2,1,2,9,
812889,2,,,,2,,,
812890,,,,,,,,
812892,1,2,1,1,1,2,9,
812896,,,,,,,,
812904,2,,,,2,,,
812908,1,2,1,1,1,2,9,
812916,1,2,1,2,1,2,9,
812919,,,,,,,,
812932,1,2,8,4,1,2,8,4
812998,,,,,,,,
813003,1,2,9,,1,2,9,
813011,1,2,1,4,1,1,9,
813016,1,1,1,1,1,1,9,
813028,1,2,1,3,1,2,9,
813031,,,,,,,,
813039,1,1,9,,1,1,9,
813082,,,,,,,,
813099,1,2,2,4,1,2,9,
813105,2,,,,2,,,
813111,1,2,8,4,1,2,8,4
813129,,,,,,,,
813133,1,2,1,2,1,1,9,
813135,1,7,10,,1,7,10,
813141,1,1,1,1,1,1,9,
813156,1,2,1,1,1,2,9,
813219,2,,,,2,,,
813227,,,,,,,,
813229,,,,,,,,
813246,,,,,,,,
813267,,,,,,,,
813280,,,,,,,,
813288,1,2,1,4,1,2,7,4
813295,1,2,1,2,2,,,
813298,2,,,,2,,,
813323,,,,,,,,
813335,,,,,,,,
813355,1,3,8,4,1,3,8,4
813374,,,,,,,,
813378,,,,,,,,
813395,1,2,1,4,1,2,1,4
813421,1,2,1,1,1,2,9,
813424,,,,,,,,
813427,,,,,,,,
813442,,,,,,,,
813462,1,2,1,2,1,2,9,
813475,1,4,3,3,1,2,2,5
813493,2,,,,2,,,
813496,2,,,,2,,,
813511,2,,,,2,,,
813524,,,,,,,,
813527,,,,,,,,
813548,2,,,,2,,,
813627,,,,,,,,
813641,1,4,4,3,1,4,3,3
813651,1,2,2,3,1,2,9,
813657,1,5,6,4,1,5,9,
813687,,,,,,,,
813713,,,,,,,,
813729,1,2,8,1,1,1,9,
813730,1,2,1,4,1,2,9,
813778,2,,,,2,,,
813829,2,,,,1,4,4,4
813838,,,,,,,,
813852,,,,,,,,
813887,1,2,1,1,1,2,9,
813888,,,,,,,,
813889,,,,,,,,
813912,1,3,1,3,1,2,1,3
813932,1,4,2,4,1,3,9,
813941,,,,,,,,
813944,,,,,,,,
813947,,,,,,,,
813952,2,,,,2,,,
813959,1,2,1,4,1,3,9,
813969,1,2,1,1,1,2,9,
813976,2,,,,2,,,
813986,,,,,,,,
814012,1,2,1,2,1,2,9,
814023,1,2,1,2,1,2,9,
814030,2,,,,2,,,
814043,1,4,4,3,1,4,3,3
814044,1,2,1,1,1,2,9,
814051,1,5,4,3,1,4,4,4
814053,2,,,,2,,,
814064,1,7,1,2,1,7,9,
814098,,,,,,,,
814102,1,2,1,2,1,2,9,
814125,,,,,,,,
814134,1,4,4,4,1,3,9,
814136,1,4,8,4,1,2,9,
814142,2,,,,2,,,
814186,1,2,8,4,1,2,8,4
814198,2,,,,2,,,
814213,1,2,8,4,1,2,9,
814224,1,4,2,4,1,2,9,
814225,1,3,8,4,1,5,9,
814226,1,3,9,,1,3,9,
814246,1,2,1,2,1,2,9,
814261,,,,,,,,
814299,,,,,,,,
814309,1,4,6,4,1,4,9,
814310,,,,,,,,
814317,,,,,,,,
814384,1,5,9,,1,7,9,
814439,1,2,4,3,1,2,8,4
814460,1,4,6,2,1,4,9,
814489,,,,,,,,
814500,,,,,,,,
814527,1,3,1,4,1,3,1,4
814532,1,5,5,3,1,4,3,3
814537,,,,,,,,
814546,,,,,,,,
814547,1,1,1,4,1,1,9,
814553,1,2,1,2,1,2,9,
814558,1,4,2,4,1,4,9,
814585,,,,,,,,
814586,1,1,1,5,1,1,9,
814601,,,,,,,,
814628,,,,,,,,
814637,1,3,9,,1,3,9,
814648,1,3,1,2,1,2,1,4
814649,1,2,8,4,1,2,9,
814716,,,,,,,,
814722,1,2,8,4,1,2,9,
814735,2,,,,2,,,
814738,,,,,,,,
814767,,,,,,,,
814780,,,,,,,,
814783,1,2,2,3,1,2,9,
814784,,,,,,,,
814849,,,,,,,,
814856,1,1,1,1,1,1,9,
814860,1,2,1,1,1,2,9,
814868,1,2,8,1,1,1,9,
814874,2,,,,2,,,
814876,1,1,1,1,1,1,9,
814911,1,1,1,1,1,1,9,
814915,,,,,,,,
814918,,,,,,,,
814927,,,,,,,,
814936,2,,,,2,,,
814940,1,2,1,2,1,1,1,1
814941,2,,,,2,,,
814945,,,,,,,,
814961,2,,,,2,,,
814970,,,,,,,,
814979,,,,,,,,
815023,,,,,,,,
815032,,,,,,,,
815135,1,1,9,,1,1,9,
815136,2,,,,2,,,
815141,,,,,,,,
815142,,,,,,,,
815143,1,2,1,2,1,7,1,1
815152,1,1,9,,1,1,9,
815154,,,,,,,,
815155,1,2,1,1,1,2,9,
815170,,,,,,,,
815181,1,7,9,,1,1,9,
815186,2,,,,2,,,
815194,,,,,,,,
815203,1,2,1,2,1,2,9,
815235,,,,,,,,
815291,2,,,,2,,,
815292,,,,,,,,
815302,2,,,,2,,,
815307,2,,,,2,,,
815308,,,,,,,,
815322,2,,,,2,,,
815344,2,,,,2,,,
815345,,,,,,,,
815346,2,,,,2,,,
815352,2,,,,2,,,
815360,2,,,,2,,,
815369,2,,,,2,,,
815377,2,,,,2,,,
815398,2,,,,2,,,
815412,1,2,1,4,1,2,9,
815415,,,,,,,,
815429,1,1,1,2,1,1,9,
815430,1,3,2,3,1,3,9,
815435,,,,,,,,
815446,1,1,8,1,1,1,8,1
815448,,,,,,,,
815452,1,2,1,1,1,1,9,
815465,1,1,1,1,1,1,9,
815491,1,3,10,,1,2,1,4
815499,,,,,,,,
815511,2,,,,2,,,
815538,2,,,,2,,,
815544,,,,,,,,
815558,,,,,,,,
815563,2,,,,2,,,
815565,2,,,,2,,,
815585,1,2,2,4,1,2,9,
815592,1,2,1,1,1,2,9,
815646,,,,,,,,
815650,2,,,,2,,,
815652,2,,,,2,,,
815657,2,,,,2,,,
815666,2,,,,2,,,
815671,2,,,,2,,,
815679,2,,,,2,,,
815683,2,,,,2,,,
815687,,,,,,,,
815693,2,,,,2,,,
815717,1,2,1,1,1,1,9,
815777,1,5,5,4,1,3,1,4
815783,,,,,,,,
815787,1,2,2,3,1,2,1,2
815790,1,1,1,1,1,1,9,
815842,,,,,,,,
815843,1,2,8,4,1,1,9,
815857,1,1,1,1,1,2,9,
815866,,,,,,,,
815868,1,1,1,1,1,1,1,1
815872,1,1,1,4,1,1,9,
815896,1,1,1,1,1,1,1,1
815900,1,1,8,1,1,1,8,1
815946,1,3,1,3,1,3,1,3
815992,1,4,4,2,1,4,2,2
816006,1,2,1,2,1,2,1,2
816029,1,2,1,2,1,2,9,
816036,1,7,1,2,1,7,1,2
816071,,,,,,,,
816073,1,2,1,2,1,2,9,
816082,,,,,,,,
816092,1,3,1,2,1,2,9,
816122,2,,,,2,,,
816139,,,,,,,,
816178,2,,,,2,,,
816195,1,2,8,4,1,2,9,
816210,1,1,1,1,1,1,9,
816219,2,,,,2,,,
816220,2,,,,2,,,
816221,,,,,,,,
816232,,,,,,,,
816248,2,,,,2,,,
816260,1,2,1,2,1,2,9,
816274,1,2,1,1,1,1,9,
816281,,,,,,,,
816300,2,,,,2,,,
816329,1,1,1,4,1,1,9,
816354,,,,,,,,
816357,,,,,,,,
816362,,,,,,,,
816369,,,,,,,,
816376,2,,,,2,,,
816378,,,,,,,,
816383,,,,,,,,
816405,,,,,,,,
816456,2,,,,2,,,
816471,1,1,1,1,1,1,9,
816482,1,2,1,2,1,2,9,
816492,,,,,,,,
816504,2,,,,2,,,
816541,2,,,,1,2,9,
816585,2,,,,2,,,
816608,,,,,,,,
816619,1,2,1,1,1,2,9,
816649,,,,,,,,
816657,,,,,,,,
816670,2,,,,1,1,9,
816676,,,,,,,,
816695,,,,,,,,
816706,2,,,,2,,,
816714,1,2,8,1,1,2,9,
816716,,,,,,,,
816721,2,,,,2,,,
816738,,,,,,,,
816739,1,2,1,4,1,2,9,
816781,,,,,,,,
816787,,,,,,,,
816792,,,,,,,,
816810,2,,,,2,,,
816826,1,3,2,3,1,3,9,
816835,1,1,1,2,1,2,9,
816836,1,4,2,3,1,4,1,4
816839,1,2,1,2,1,2,9,
816846,1,2,1,1,1,2,9,
816858,1,2,1,2,1,2,9,
816859,1,2,1,3,1,1,9,
816862,1,2,1,2,1,2,9,
816866,1,2,1,4,1,2,1,1
816868,,,,,,,,
816870,1,1,1,4,1,2,9,
816875,1,2,8,4,1,2,8,4
816897,1,1,10,,1,1,10,
816912,1,1,1,5,1,1,9,
816925,1,3,2,4,1,2,9,
816955,1,2,7,4,1,2,9,
816993,,,,,,,,
817042,1,2,1,1,1,2,9,
817057,1,4,8,4,1,2,8,4
817058,2,,,,2,,,
817064,,,,,,,,
817067,,,,,,,,
817076,,,,,,,,
817096,,,,,,,,
817107,,,,,,,,
817118,2,,,,2,,,
817134,,,,,,,,
817160,1,2,8,4,1,1,9,
817169,2,,,,2,,,
817175,2,,,,2,,,
817182,2,,,,2,,,
817203,,,,,,,,
817245,,,,,,,,
817262,,,,,,,,
817286,1,2,2,2,1,2,9,
817287,2,,,,2,,,
817291,1,2,1,2,1,2,9,
817294,,,,,,,,
817375,1,3,1,4,1,3,9,
817378,1,1,9,,1,1,9,
817395,,,,,,,,
817400,1,7,8,1,1,6,9,
817413,1,2,8,1,1,2,8,1
817438,1,1,9,,1,1,9,
817439,1,3,1,2,1,4,3,3
817447,1,2,1,2,1,3,1,2
817480,2,,,,1,2,9,
817487,2,,,,2,,,
817489,2,,,,2,,,
817497,,,,,,,,
817534,1,3,2,4,1,3,2,4
817548,,,,,,,,
817553,1,2,9,,1,2,9,
817668,,,,,,,,
817683,,,,,,,,
817704,1,3,9,,1,3,9,
817706,1,1,1,1,1,1,9,
817720,1,3,2,1,1,2,9,
817729,1,1,1,1,1,1,9,
817731,1,2,1,2,1,2,2,3
817735,,,,,,,,
817739,1,2,1,1,1,3,9,
817742,1,1,1,1,1,1,9,
817746,,,,,,,,
817749,2,,,,2,,,
817775,2,,,,2,,,
817793,2,,,,2,,,
817800,,,,,,,,
817815,1,3,1,2,1,2,9,
817829,,,,,,,,
817859,1,1,1,4,1,2,9,
817879,,,,,,,,
817891,2,,,,2,,,
817893,1,2,1,2,1,2,9,
817905,2,,,,2,,,
817967,1,3,2,3,1,2,9,
817975,1,2,2,2,1,2,9,
817992,1,3,2,4,1,3,9,
818040,1,1,1,4,1,1,9,
818057,1,3,1,4,1,2,9,
818113,1,2,1,2,1,2,9,
818127,2,,,,2,,,
818166,1,4,2,4,1,3,9,
818198,2,,,,2,,,
818217,,,,,,,,
818264,1,1,1,4,1,1,9,
818290,1,2,1,4,1,2,9,
818296,,,,,,,,
818339,2,,,,2,,,
818340,2,,,,2,,,
818378,1,1,1,2,1,1,9,
818383,1,2,1,4,1,2,9,
818387,,,,,,,,
818396,1,2,1,1,1,2,9,
818398,,,,,,,,
818402,,,,,,,,
818406,1,3,8,4,1,3,1,4
818410,1,2,8,4,1,2,9,
818415,,,,,,,,
818420,1,1,1,1,1,1,1,1
818435,1,1,1,1,1,1,9,
818439,1,4,1,4,1,1,8,1
818473,1,1,1,4,1,1,9,
818487,,,,,,,,
818491,1,2,1,1,1,2,9,
818529,,,,,,,,
818531,,,,,,,,
818549,1,3,1,3,1,2,9,
818557,,,,,,,,
818571,1,4,8,4,1,3,8,4
818612,,,,,,,,
818626,1,3,1,1,1,2,9,
818631,1,4,2,3,1,4,3,3
818635,1,1,1,1,1,2,9,
818648,,,,,,,,
818652,,,,,,,,
818662,1,2,8,1,1,2,9,
818665,1,2,1,4,1,2,9,
818704,1,1,1,1,1,1,9,
818730,,,,,,,,
818748,,,,,,,,
818767,,,,,,,,
818857,,,,,,,,
818860,1,2,8,4,1,2,9,
818862,1,2,1,2,1,2,9,
818869,1,2,2,3,1,2,9,
818884,1,1,1,1,1,1,1,1
818924,1,4,6,4,1,4,3,3
818972,,,,,,,,
819027,2,,,,2,,,
819031,,,,,,,,
819045,1,2,1,1,1,2,1,1
819050,,,,,,,,
819124,1,5,6,4,1,4,3,3
819125,,,,,,,,
819126,1,1,8,1,1,1,9,
819127,1,2,4,4,1,1,9,
819129,1,2,7,4,1,2,9,
819139,1,1,1,4,1,1,9,
819148,1,3,2,3,1,2,9,
819151,1,4,2,2,1,4,9,
819156,,,,,,,,
819168,1,1,1,1,1,1,9,
819181,,,,,,,,
819185,2,,,,2,,,
819190,,,,,,,,
819197,2,,,,2,,,
819250,,,,,,,,
819264,,,,,,,,
819330,1,3,2,3,1,2,9,
819331,1,1,1,1,1,1,9,
819349,1,3,8,4,1,3,8,4
819350,1,2,1,1,1,2,9,
819352,,,,,,,,
819368,2,,,,2,,,
819402,1,2,8,1,1,2,9,
819433,2,,,,2,,,
819453,2,,,,2,,,
819459,1,1,1,1,1,1,9,
819465,1,4,4,3,1,2,9,
819472,,,,,,,,
819490,,,,,,,,
819510,1,7,1,2,1,7,9,
819511,1,1,8,1,1,1,9,
819517,1,7,1,4,1,3,1,2
819522,,,,,,,,
819525,,,,,,,,
819534,1,7,2,3,1,7,2,3
819535,1,3,2,3,1,3,9,
819574,,,,,,,,
819623,,,,,,,,
819626,1,1,1,1,1,1,1,1
819650,1,3,1,4,1,4,9,
819653,1,2,1,1,1,1,1,1
819664,,,,,,,,
819686,1,1,1,2,1,1,9,
819690,,,,,,,,
819696,1,2,8,4,1,3,9,
819711,,,,,,,,
819716,,,,,,,,
819727,1,7,1,2,1,1,1,2
819750,1,7,1,2,1,7,1,3
819763,,,,,,,,
819765,1,3,2,4,1,3,9,
819786,,,,,,,,
819842,1,1,8,1,1,2,9,
819849,,,,,,,,
819906,,,,,,,,
819917,,,,,,,,
819950,1,3,1,4,1,2,9,
819962,1,3,1,4,1,3,9,
819998,,,,,,,,
820024,,,,,,,,
820025,1,2,8,1,2,,,
820037,1,2,1,1,1,2,9,
820041,1,2,1,1,1,2,9,
820054,,,,,,,,
820063,,,,,,,,
820067,2,,,,2,,,
820087,,,,,,,,
820107,2,,,,2,,,
820109,2,,,,2,,,
820112,,,,,,,,
820115,1,2,1,2,1,2,9,
820116,1,2,1,4,1,2,9,
820128,,,,,,,,
820130,2,,,,2,,,
820145,2,,,,2,,,
820164,1,2,1,1,1,2,1,1
820173,2,,,,2,,,
820182,,,,,,,,
820209,,,,,,,,
820212,1,4,2,4,1,4,2,5
820220,1,3,1,1,1,2,9,
820244,1,3,2,4,1,2,9,
820272,,,,,,,,
820349,1,3,1,3,1,3,3,3
820535,1,3,2,2,1,3,1,4
820547,,,,,,,,
820551,1,3,1,4,1,3,9,
820552,,,,,,,,
820565,2,,,,2,,,
820569,1,3,1,2,1,3,1,2
820572,,,,,,,,
820575,,,,,,,,
820579,,,,,,,,
820593,2,,,,2,,,
820595,,,,,,,,
820596,,,,,,,,
820612,2,,,,2,,,
820632,,,,,,,,
820659,,,,,,,,
820663,2,,,,2,,,
820664,,,,,,,,
820696,1,1,1,2,1,2,9,
820701,,,,,,,,
820718,,,,,,,,
820730,1,2,1,2,1,2,8,1
820746,,,,,,,,
820763,,,,,,,,
820818,2,,,,2,,,
820821,2,,,,2,,,
820824,2,,,,2,,,
820826,,,,,,,,
820846,,,,,,,,
820867,,,,,,,,
820886,,,,,,,,
820910,,,,,,,,
820954,,,,,,,,
820970,,,,,,,,
820983,,,,,,,,
820995,1,2,1,2,1,2,1,2
821012,,,,,,,,
821027,2,,,,2,,,
821037,,,,,,,,
821093,2,,,,2,,,
821126,2,,,,2,,,
821131,1,1,1,1,1,1,10,
821134,,,,,,,,
821147,,,,,,,,
821181,1,2,1,4,1,3,8,4
821192,1,2,1,4,1,2,9,
821204,,,,,,,,
821232,1,4,7,2,1,3,9,
821247,,,,,,,,
821293,,,,,,,,
821301,,,,,,,,
821318,1,5,3,3,1,5,3,3
821320,2,,,,2,,,
821329,1,2,2,1,1,2,9,
821350,1,2,1,4,1,2,9,
821367,,,,,,,,
821387,,,,,,,,
821416,1,2,8,1,1,2,9,
821424,1,2,1,4,1,2,9,
821435,,,,,,,,
821448,,,,,,,,
821451,2,,,,1,1,9,
821479,1,2,1,1,1,2,1,1
821489,,,,,,,,
821501,,,,,,,,
821504,,,,,,,,
821528,,,,,,,,
821574,2,,,,2,,,
821575,1,4,5,5,1,4,2,5
821577,1,2,1,4,1,2,9,
821586,1,2,1,1,1,2,1,1
821662,,,,,,,,
821692,,,,,,,,
821703,2,,,,2,,,
821707,,,,,,,,
821710,,,,,,,,
821715,1,2,8,1,1,2,9,
821736,2,,,,2,,,
821738,1,2,7,4,1,2,7,4
821756,1,2,1,2,1,1,9,
821770,,,,,,,,
821774,,,,,,,,
821781,1,3,2,2,1,3,2,2
821804,,,,,,,,
821810,,,,,,,,
821821,,,,,,,,
821828,,,,,,,,
821834,2,,,,2,,,
821842,1,2,1,1,1,2,9,
821847,1,1,1,1,1,1,9,
821852,1,1,1,1,1,1,9,
821856,1,2,8,1,1,2,9,
821859,,,,,,,,
821863,1,2,1,1,1,2,9,
821864,,,,,,,,
821921,,,,,,,,
821935,1,4,8,4,1,2,9,
821937,,,,,,,,
821948,1,2,8,1,1,2,9,
821975,1,1,1,2,1,2,9,
821977,1,2,1,2,1,2,9,
821980,1,2,1,2,1,2,9,
821982,1,2,1,2,1,2,1,4
821984,,,,,,,,
821998,,,,,,,,
822005,1,4,8,4,1,3,9,
822033,1,2,8,4,1,1,9,
822034,,,,,,,,
822069,2,,,,2,,,
822083,2,,,,2,,,
822119,1,2,1,4,1,2,9,
822123,,,,,,,,
822125,1,2,1,2,1,2,9,
822129,,,,,,,,
822150,1,2,1,4,1,2,9,
822166,1,2,1,2,1,2,9,
822191,1,2,1,4,1,2,1,4
822204,1,2,1,4,1,2,9,
822218,,,,,,,,
822223,1,2,2,3,1,3,9,
822245,,,,,,,,
822249,,,,,,,,
822253,,,,,,,,
822254,,,,,,,,
822255,,,,,,,,
822266,,,,,,,,
822289,,,,,,,,
822315,,,,,,,,
822395,2,,,,2,,,
822466,,,,,,,,
822468,,,,,,,,
822471,1,2,1,2,1,2,9,
822476,1,1,1,1,1,1,9,
822489,,,,,,,,
822496,1,2,1,2,1,2,9,
822497,,,,,,,,
822536,1,3,1,2,1,2,1,4
822542,2,,,,2,,,
822556,2,,,,2,,,
822559,1,2,1,4,1,2,9,
822562,,,,,,,,
822571,2,,,,2,,,
822582,2,,,,2,,,
822614,1,3,1,2,1,2,9,
822675,1,3,8,4,1,3,8,4
822677,,,,,,,,
822685,1,2,1,2,1,2,1,2
822694,,,,,,,,
822700,,,,,,,,
822723,1,2,8,1,1,2,8,1
822725,,,,,,,,
822727,1,3,8,4,1,3,9,
822773,1,2,1,1,1,2,1,1
822796,1,4,5,5,1,4,9,
822822,1,1,1,5,1,1,9,
822826,1,2,1,2,1,2,1,2
822838,2,,,,2,,,
822863,1,3,8,1,1,3,8,1
822908,,,,,,,,
823008,1,2,1,4,1,2,9,
823029,,,,,,,,
823038,,,,,,,,
823046,1,2,1,1,1,2,9,
823053,,,,,,,,
823116,1,3,8,1,1,3,8,1
823118,2,,,,2,,,
823130,1,4,8,4,1,2,9,
823137,1,2,1,2,1,2,1,2
823142,1,1,8,4,1,2,8,4
823148,1,2,6,4,1,2,9,
823152,1,2,8,4,1,2,2,4
823160,1,3,8,4,1,2,9,
823175,1,3,1,2,1,2,9,
823188,,,,,,,,
823240,1,2,8,4,1,2,9,
823254,1,1,1,1,1,1,1,1
823258,1,5,5,4,1,4,3,3
823275,1,3,2,3,1,2,9,
823325,,,,,,,,
823334,,,,,,,,
823336,,,,,,,,
823338,1,2,1,2,1,2,1,2
823342,1,1,1,1,1,1,1,1
823345,1,4,1,2,1,3,1,2
823351,,,,,,,,
823354,,,,,,,,
823395,1,2,1,1,1,2,9,
823410,1,2,8,4,1,2,8,4
823427,2,,,,2,,,
823447,2,,,,2,,,
823455,,,,,,,,
823477,1,2,1,1,1,1,9,
823479,,,,,,,,
823482,1,2,1,2,1,2,9,
823485,1,1,1,1,1,1,1,1
823488,1,2,1,2,1,1,9,
823490,1,1,1,2,1,1,9,
823503,1,2,1,2,1,1,9,
823510,1,1,1,1,1,1,9,
823524,1,1,10,,1,2,9,
823531,,,,,,,,
823534,,,,,,,,
823536,1,2,1,4,1,2,9,
823545,1,1,1,1,1,1,1,1
823546,,,,,,,,
823548,1,2,1,4,1,2,9,
823550,1,1,1,4,1,1,1,3
823555,,,,,,,,
823557,,,,,,,,
823561,1,2,1,1,1,2,1,1
823562,1,1,8,4,1,1,9,
823566,1,2,8,4,1,2,1,2
823608,,,,,,,,
823641,,,,,,,,
823645,2,,,,2,,,
823651,1,3,2,4,1,3,1,4
823656,2,,,,2,,,
823658,2,,,,2,,,
823662,2,,,,2,,,
823675,1,2,9,,1,2,9,
823679,,,,,,,,
823703,,,,,,,,
823705,1,2,9,,1,2,9,
823707,,,,,,,,
823735,2,,,,2,,,
823750,2,,,,2,,,
823755,,,,,,,,
823757,2,,,,2,,,
823767,2,,,,2,,,
823801,2,,,,2,,,
823818,1,1,9,,1,2,9,
823831,,,,,,,,
823842,,,,,,,,
823848,1,2,1,3,1,2,9,
823852,2,,,,2,,,
823954,,,,,,,,
823957,1,4,2,3,1,2,9,
823959,,,,,,,,
823966,1,1,1,1,1,1,1,1
823974,1,3,2,3,1,3,2,3
824120,2,,,,2,,,
824122,,,,,,,,
824125,2,,,,2,,,
824127,2,,,,2,,,
824138,2,,,,2,,,
824167,1,3,2,3,1,4,3,3
824169,1,2,2,4,1,4,2,4
824196,1,4,7,4,1,4,4,4
824235,,,,,,,,
824236,,,,,,,,
824239,2,,,,2,,,
824241,2,,,,2,,,
824251,2,,,,2,,,
824278,2,,,,2,,,
824289,,,,,,,,
824330,1,5,2,4,1,1,9,
824338,,,,,,,,
824341,1,4,2,2,1,4,2,5
824344,1,2,1,4,1,2,1,4
824351,1,2,1,5,1,2,8,5
824356,1,2,8,4,1,2,8,4
824360,2,,,,1,2,1,2
824403,1,2,1,4,1,2,9,
824417,,,,,,,,
824419,1,4,4,3,1,2,9,
824423,1,2,8,1,1,2,8,1
824434,1,2,8,1,1,2,9,
824460,,,,,,,,
824503,,,,,,,,
824514,,,,,,,,
824535,2,,,,2,,,
824557,1,1,9,,1,1,9,
824574,,,,,,,,
824582,,,,,,,,
824657,2,,,,2,,,
824663,,,,,,,,
824671,2,,,,2,,,
824673,1,5,6,4,1,4,3,3
824678,1,2,8,4,1,2,1,1
824688,1,1,1,2,1,1,9,
824734,1,1,1,1,1,1,1,1
824735,,,,,,,,
824755,1,2,8,1,1,2,9,
824768,1,1,8,4,1,1,9,
824798,,,,,,,,
824808,1,2,5,2,1,2,9,
824863,2,,,,2,,,
824869,1,7,9,,1,7,9,
824876,1,2,8,4,1,2,8,4
824877,2,,,,1,1,9,
824887,,,,,,,,
824891,,,,,,,,
824919,1,2,2,3,1,2,9,
824930,,,,,,,,
824951,1,2,8,4,1,2,9,
824959,1,1,1,1,1,1,1,1
825004,1,2,8,4,1,2,8,4
825005,2,,,,2,,,
825024,1,4,5,1,1,4,2,3
825030,2,,,,2,,,
825031,1,1,1,2,1,1,9,
825034,1,2,8,4,1,2,8,4
825044,2,,,,2,,,
825045,1,2,1,3,1,2,9,
825054,1,2,9,,1,2,9,
825068,1,2,10,,1,2,9,
825071,1,3,1,2,1,3,1,2
825094,1,3,8,4,1,3,8,4
825097,1,2,1,2,1,3,9,
825108,1,2,1,4,1,2,9,
825119,,,,,,,,
825122,,,,,,,,
825132,,,,,,,,
825139,1,2,1,3,1,2,9,
825142,2,,,,2,,,
825150,1,2,6,3,1,2,9,
825163,1,2,2,3,1,2,9,
825164,1,2,1,1,1,2,9,
825167,1,2,1,1,1,2,9,
825185,,,,,,,,
825186,1,2,2,3,1,2,9,
825192,1,2,1,1,1,2,9,
825201,,,,,,,,
825203,1,2,1,2,1,2,9,
825208,1,2,8,4,1,2,9,
825209,1,2,6,2,1,2,9,
825213,1,5,4,3,1,4,2,3
825216,,,,,,,,
825231,2,,,,1,2,9,
825266,2,,,,2,,,
825275,1,1,1,3,1,3,1,4
825284,2,,,,2,,,
825308,1,1,1,2,1,2,1,4
825319,1,3,8,4,1,3,9,
825334,,,,,,,,
825344,,,,,,,,
825350,1,2,1,2,1,2,1,4
825362,2,,,,2,,,
825363,,,,,,,,
825370,1,1,1,2,1,1,9,
825397,2,,,,2,,,
825405,,,,,,,,
825453,,,,,,,,
825510,1,3,1,2,1,2,1,4
825513,1,2,1,2,1,2,1,2
825528,,,,,,,,
825616,,,,,,,,
825723,2,,,,2,,,
825742,,,,,,,,
825755,2,,,,2,,,
825859,1,3,2,2,1,3,9,
825889,1,3,1,2,1,2,9,
825924,,,,,,,,
825951,1,2,1,4,1,2,1,2
825957,2,,,,2,,,
825964,2,,,,2,,,
825969,1,2,1,1,1,1,1,1
825976,,,,,,,,
825986,,,,,,,,
826007,1,2,1,1,2,,,
826021,1,3,2,3,1,2,9,
826073,2,,,,2,,,
826087,,,,,,,,
826095,1,2,1,2,1,2,9,
826122,1,2,1,2,1,2,9,
826124,1,2,1,2,1,2,9,
826132,,,,,,,,
826135,,,,,,,,
826156,,,,,,,,
826161,,,,,,,,
826164,1,3,8,4,1,2,9,
826176,1,2,1,4,1,2,9,
826180,1,5,4,3,1,4,2,3
826184,1,4,8,4,1,4,2,4
826202,,,,,,,,
826213,,,,,,,,
826214,1,5,6,3,1,3,9,
826224,2,,,,2,,,
826228,1,2,1,3,1,2,9,
826248,1,3,4,3,1,3,9,
826262,,,,,,,,
826307,,,,,,,,
826362,1,1,1,1,1,1,9,
826365,2,,,,2,,,
826412,,,,,,,,
826427,,,,,,,,
826441,,,,,,,,
826442,,,,,,,,
826482,1,2,9,,1,2,9,
826489,1,2,8,4,1,2,9,
826505,,,,,,,,
826508,,,,,,,,
826509,1,3,1,4,1,2,9,
826515,2,,,,2,,,
826525,1,4,6,4,1,3,9,
826557,,,,,,,,
826570,1,1,10,,1,1,9,
826584,1,2,1,2,1,2,9,
826590,1,2,1,1,1,2,9,
826592,1,2,1,2,2,,,
826605,2,,,,2,,,
826622,2,,,,2,,,
826687,1,2,1,1,1,3,8,4
826691,,,,,,,,
826693,1,2,1,1,1,2,9,
826729,1,2,9,,1,2,9,
826741,,,,,,,,
826743,2,,,,2,,,
826757,1,2,2,3,1,2,9,
826768,,,,,,,,
826783,1,2,1,2,1,2,1,2
826796,,,,,,,,
826828,2,,,,2,,,
826840,2,,,,2,,,
826858,1,3,1,2,1,2,1,2
826916,,,,,,,,
826926,,,,,,,,
826929,,,,,,,,
826931,,,,,,,,
826936,2,,,,2,,,
826944,1,2,8,4,1,2,8,4
826959,,,,,,,,
826971,,,,,,,,
826978,1,4,2,4,1,4,2,3
826979,2,,,,2,,,
826998,,,,,,,,
827000,1,2,1,2,1,2,1,2
827001,1,2,1,2,1,3,1,2
827007,,,,,,,,
827046,1,2,1,2,1,2,9,
827067,1,3,8,4,1,3,9,
827069,1,3,2,3,1,2,9,
827091,1,2,1,3,1,3,9,
827098,1,3,1,3,1,3,9,
827115,2,,,,2,,,
827136,,,,,,,,
827141,1,2,8,1,1,3,8,1
827146,,,,,,,,
827157,1,3,1,2,1,2,9,
827161,,,,,,,,
827168,1,2,2,3,1,2,9,
827189,,,,,,,,
827209,1,5,5,2,1,4,2,4
827213,1,3,8,4,2,,,
827215,1,3,9,,1,2,8,4
827221,,,,,,,,
827231,2,,,,2,,,
827248,1,4,8,4,1,3,2,2
827252,1,2,8,4,1,2,9,
827308,,,,,,,,
827326,1,2,1,1,1,2,1,1
827345,1,2,1,1,1,2,1,1
827348,,,,,,,,
827350,,,,,,,,
827354,2,,,,2,,,
827355,,,,,,,,
827374,,,,,,,,
827377,,,,,,,,
827381,,,,,,,,
827398,2,,,,2,,,
827411,2,,,,2,,,
827428,,,,,,,,
827441,1,4,4,3,1,4,9,
827447,,,,,,,,
827449,,,,,,,,
827450,,,,,,,,
827455,,,,,,,,
827457,1,2,1,3,1,4,2,4
827458,,,,,,,,
827477,1,2,1,2,1,2,9,
827482,,,,,,,,
827490,1,2,8,1,1,3,9,
827501,1,4,1,2,1,4,1,2
827517,,,,,,,,
827527,1,2,1,2,1,2,9,
827548,1,4,4,4,1,3,9,
827578,,,,,,,,
827593,1,1,9,,1,1,9,
827602,,,,,,,,
827607,2,,,,2,,,
827615,2,,,,2,,,
827618,2,,,,2,,,
827627,,,,,,,,
827639,,,,,,,,
827641,1,2,1,3,1,2,9,
827674,1,2,8,4,1,2,9,
827689,,,,,,,,
827693,,,,,,,,
827708,2,,,,2,,,
827753,2,,,,2,,,
827771,,,,,,,,
827838,,,,,,,,
827844,,,,,,,,
827850,1,1,1,1,1,1,9,
827870,,,,,,,,
827871,2,,,,2,,,
827874,2,,,,2,,,
827905,2,,,,2,,,
827906,,,,,,,,
827929,,,,,,,,
827947,1,4,2,4,1,2,9,
827970,,,,,,,,
828001,2,,,,2,,,
828003,,,,,,,,
828016,,,,,,,,
828023,2,,,,2,,,
828039,,,,,,,,
828072,1,1,10,,1,1,9,
828095,,,,,,,,
828117,,,,,,,,
828121,,,,,,,,
828151,1,1,1,1,1,1,9,
828164,,,,,,,,
828169,1,2,1,1,1,2,9,
828170,1,1,1,1,1,1,9,
828179,,,,,,,,
828184,,,,,,,,
828187,1,2,1,2,1,4,9,
828188,1,2,8,1,1,2,9,
828190,1,2,8,4,1,2,8,4
828197,1,2,1,4,1,2,9,
828206,1,2,1,2,1,2,9,
850004,1,4,8,4,1,4,8,4
850005,,,,,,,,
850010,1,5,6,4,1,5,2,3
850011,,,,,,,,
850013,1,2,2,3,1,2,1,1
850016,1,7,1,4,1,7,9,
850017,1,2,1,4,1,2,9,
850018,1,4,2,3,1,4,2,3
850019,1,3,8,4,1,3,8,4
850021,1,4,1,3,1,3,9,
850022,,,,,,,,
850026,1,3,8,4,1,2,9,
850027,1,3,8,4,1,2,1,4
850028,1,4,4,4,1,3,9,
850035,,,,,,,,
850036,,,,,,,,
