Variabile;Modalita;freq_pond;n_indeb_imm_pond;n_indeb_cons_pond;n_indeb_carte_pond;n_indeb_az_pond;n_indeb_CC_pond;n_indeb_3_pond;n_indeb_fam_pond;n_indeb_compl_pond;sum_PFIMM_pond;sum_PFCONS_pond;sum_PFCARTE_pond;sum_PFAZ_pond;sum_PFCC_pond;sum_PF3_pond;Deb_tot_pond;sum_W_indeb_pond;sum_Y_FAM_indeb_pond;sum_MUTUOIN1_pond;sum_TDEBITA1_pond;Durata_Ori_pond_MUTUOIN1;Durata_Res_pond_TDEBITA1;LTV1_pond_MUTUOIN1;Tasso_pond1;sum_MUTUOIN1_SOSPENS1;sum_MUTUOIN2_pond;sum_TDEBITA2_pond;Durata_Ori_pond_MUTUOIN2;Durata_Res_pond_TDEBITA2;LTV1_pond_MUTUOIN2;Tasso_pond2;sum_MUTUOIN3_pond;sum_TDEBITA3_pond;Durata_Ori_pond_MUTUOIN3;TAEG_pond3;sum_MUTUOIN4_pond;sum_TDEBITA4_pond;Durata_Ori_pond_MUTUOIN4;Tasso_pond4;sum_TDEBITA3_1_pond;sum_TDEBITA3_2_pond;sum_TDEBITA3_3_pond;sum_TDEBITA3_4_pond;sum_TDEBITA3_5_pond
SEX;1;4645.0208464;465.01005348;437.48038177;82.160754233;113.84614172;195.08551715;139.18342162;1059.0735056;1116.2642639;39724943.799;3577796.0625;151476.44463;5918565.2177;679797.04506;1935329.2253;51987907.795;262758134.72;43796362.348;51405176.885;34565263.549;23.776231377;17.932391906;74.121519847;2.7575924396;1869503.228;7216059.6644;5159680.2503;20.597878738;19.089809044;72.104745881;2.0271356266;5942964.5835;3577796.0625;6.4005523608;4.9468993331;6674236.4707;4252111.0066;15.636950554;3.694979334;2414221.9826;211842.14256;16328.692414;817509.69996;117893.545
SEX;2;2774.9791594;223.33638591;143.69374344;33.604226272;66.839066519;59.997741543;69.113525677;436.61636499;463.25732002;17440612.606;1110861.8962;41159.762454;6037921.5666;192675.57691;1147725.9122;25970957.32;95983500.679;15353941.307;24319243.942;15501718.909;23.728163266;18.083609915;76.320829734;2.6228317885;381800.05477;2973136.3012;1938893.6967;17.973605978;13.963125816;56.064713435;2.5727464748;1751314.6427;1110861.8962;5.3000206898;3.8467536623;6822161.8057;5778969.8479;15.269446306;3.1872726154;871573.2009;60282.284012;3866.4198465;172902.18596;0
CLETA5;1;646.10433398;70.950179955;54.764324765;6.468612885;5.7808110032;11.47622131;34.526876228;152.76958543;158.55039644;5920974.9949;290957.52678;8911.864223;152315.6582;33385.53456;391504.59183;6798050.1705;13000631.702;4550784.8962;7613367.3149;5859136.4166;23.629739928;19.736927596;81.373573424;2.7215616865;104693.89265;67025.039739;61838.578331;23.452380952;22.193548387;92.261904762;3;440226.66997;290957.52678;3.987860455;3.9988263315;155660.27228;114230.23325;4.2911772067;6.2746221758;257939.81159;32443.548838;0;574.16635102;0
CLETA5;2;1270.8980142;241.55912991;120.51508838;36.215401559;49.882323414;31.414323985;36.035116998;381.20414425;399.16831059;24827147.241;885560.30648;39375.279731;899909.83261;55963.308643;913197.43535;27621153.404;72255477.645;14075258.192;30114339.523;21862364.236;25.231472614;20.519523831;76.690338543;2.656463245;1490923.7397;3838504.6159;2964783.0058;24.393528093;22.859522471;66.22236624;2.2608711329;1494976.5184;885560.30648;6.0961150612;5.1301103235;952350.05783;444200.68096;10.603818794;5.5539922449;693601.80301;104198.94447;0;87759.559002;0
CLETA5;3;1582.4848758;243.68347919;212.32483422;30.703658396;68.676523079;104.7905018;65.693162654;506.2154076;534.84804685;17899374.36;2038844.1844;54029.19437;8890462.1257;408884.63523;1006908.3327;30298502.832;143626966.1;21885801.512;25905854.635;15554303.2;22.66464785;15.437737063;73.61236707;2.9094318135;633813.60762;3325243.2283;2345071.1598;14.619290231;10.713574298;64.213986574;2.0651968082;3045627.5924;2038844.1844;5.8047558816;4.2623022563;9710011.1617;7714016.7906;15.479427325;3.0680215423;1534676.0253;54163.356796;0;341244.39354;106522.60335
CLETA5;4;1314.7141218;88.417858076;109.50244042;27.483544122;47.757005177;63.146210228;34.811876964;264.69306688;291.4134061;7219485.0321;775768.93006;58361.724342;1787287.6373;181782.18588;322698.14785;10345383.658;74449821.829;11737755.986;9638293.2152;5748730.61;22.82551337;13.866624991;71.295788065;2.3169859329;21872.042849;2282125.7266;1470754.4221;20.991167347;19.936842616;71.049532035;2.0068661711;1437617.3338;775768.93006;5.8507212466;4.3050252595;2434330.9222;1607898.9777;18.293486448;4.1667226188;540338.92371;15397.411121;16442.713167;192218.94041;11370.941645
CLETA5;5;2605.79866;43.735792249;84.067437422;14.893763543;8.5885455692;44.256001371;37.22991445;190.80766642;195.54142398;1298574.7777;697527.01094;31958.144419;226511.53043;192456.95766;448746.62974;2895775.0509;55408738.119;6900703.0681;2452566.1391;1042447.9968;21.363454282;15.424750593;58.358437053;3.2412454431;0;676297.35511;256126.78093;15.303559048;7.7230993189;75.337242496;2.9848685078;1275831.1116;697527.01094;8.1209224195;6.0726298194;244045.86235;150734.17203;12.010094923;3.8500706698;259238.61988;65921.165353;3752.3990932;368614.82661;0
STUDIO;1;231.63395648;0.1633396533;1.004937131;1.5439091738;1.6689656536;1.9274960802;1.9683923656;6.6080744039;6.6080744039;1225.0473997;6749.2383894;2683.2716036;25034.484804;12117.51591;8303.9373341;56113.495441;625899.00676;125348.49591;1306.7172263;1225.0473997;10;5;100;2;0;;;;;;;14595.891176;6749.2383894;5;8.0246421314;;;;;2008.296316;0;0;4740.9420734;0
STUDIO;2;1361.3731633;27.740595035;35.282313152;2.4818781272;8.1443491869;21.142974598;28.216818592;101.40123488;108.38311457;1069182.9997;282051.41738;4688.2017655;216988.44738;50562.699618;203477.01563;1826950.7815;16507547.093;2496619.9288;1609534.8666;1048001.28;22.225879996;15.309454703;73.117094688;3.8296896902;312332.67349;93206.532061;21181.719763;12.733255585;3.3356654998;87.418033907;3.1911162102;476351.47637;282051.41738;10.730153076;5.5297827909;345821.14321;187516.44201;9.2621898913;3.4266744276;111448.12596;48751.187681;3669.8962198;118182.20752;0
STUDIO;3;2180.4626861;126.92440616;172.10109918;29.759484323;41.768843642;52.693419558;94.14847368;407.82766047;432.81090603;7855359.1043;1385575.4088;54017.273227;994503.32693;203924.25212;528022.02949;11021401.395;48616449.237;12121387.238;12582877.02;7532951.052;23.023426078;16.0465844;79.743554983;3.3010641135;1151374.7184;395390.90756;322408.05223;20.017889251;18.202346491;72.143987285;4.3731745123;2049262.2603;1385575.4088;5.4619996196;4.5133718814;1072525.7079;736037.09887;11.129994934;4.8714557403;1077122.1623;109265.41087;82.502873365;194467.84759;4637.4851816
STUDIO;4;666.81343575;80.93443195;63.247993218;8.1104020257;16.132205216;17.552520555;23.620181403;157.60487374;158.90610975;5727469.1775;437706.31656;6964.5450848;4650581.4696;42654.693511;237863.07392;11103239.276;35749382.663;5418016.0886;8757785.2768;5388398.8074;24.147436778;16.874651132;81.590920319;4.0098152885;18938.171376;707092.34221;339070.37015;17.99254963;14.433772914;68.789079503;2.3726991385;711096.04471;437706.31656;6.9105125284;4.4603908379;4169326.0816;3817860.6016;19.302749452;2.8075850581;293971.72449;29771.252561;2302.4922179;99733.395221;11927.452069
STUDIO;5;1961.7971999;258.66150591;203.21705943;40.26729301;70.530261139;108.71060685;45.477262545;525.72924168;559.14324531;17326359.126;1699185.7645;73843.921557;2829056.423;423372.3495;1059932.489;23411750.073;129793957.91;22064814.663;25361620.598;16436290.786;22.645024998;16.466929739;74.738091931;2.9682597172;331452.30488;1507638.747;890068.33992;18.812967749;12.715328026;76.749343571;3.5313111983;2836914.3174;1699185.7645;5.9976731081;4.5409748058;3482186.0061;2197614.1807;10.303396853;5.0201589197;1066805.1506;64250.248807;196.5236267;493510.10954;74423.731869
STUDIO;6;133.92611002;19.990725018;16.971823099;0.6197131078;0.9746890503;9.9979225251;3.1615939598;42.172133618;42.721886815;1760259.7439;89399.0034;582.55430092;77390.383331;19569.01015;31615.939598;1978816.6346;7803058.3325;1371249.4297;2326046.6099;1760259.7439;24.943062248;18.524721744;73.175144255;2.989566443;0;;;;;;;137831.11504;89399.0034;4.9426490186;5.3902226847;87960.511402;76965.447477;20;2.75;81408.872209;7990.1311909;0;0;0
STUDIO;7;796.08053114;156.89646665;72.213675041;24.307496686;41.169314669;38.311850028;10.252109825;225.06534628;241.66694158;20698171.639;619962.19629;45430.662511;3148103.2649;110950.25549;1010936.4226;25633554.441;101951387.8;13577119.263;21990539.319;15594300.841;24.61148867;19.936622562;69.742141545;1.8311349029;437205.41465;6669925.0204;5103870.7984;21.425308775;19.350206902;64.896594521;1.8046998857;1090799.4066;619962.19629;5.531908046;4.5321041758;4338578.826;3015087.0839;17.35085704;2.6332535937;500931.55842;10110.572574;0;79777.383975;26904.875877
STUDIO;8;87.912923117;17.034969011;17.135224965;8.6748040513;0.2965796856;4.7464684978;1.4521149244;29.281305499;29.281305499;2727529.5675;168028.61341;4425.7770347;14828.984282;9321.8456639;2904.2298489;2927039.0177;17693953.359;1975748.5477;3094710.4187;2305554.9009;28.679194516;25.22069387;74.69687259;1.2496950787;0;815942.41634;421974.66654;11.006943512;11.039898631;65.104152678;1.9231918904;377428.71462;168028.61341;6.0899202118;6.8133267782;;;;;152099.2932;1985.6228921;13943.697322;0;0
Q;1;3460.1783464;489.02874158;424.0013715;72.62161806;29.55196924;144.91778219;101.62667955;974.09313838;990.41066875;41765454.049;3170629.3497;115595.49476;655955.98695;343327.88601;1903299.8278;47954262.595;182349467.12;37573913.861;55855559.686;37677613.859;24.044434279;18.6614975;75.378154014;2.6026958847;920737.26983;5699968.2932;4087840.19;19.891877104;18.179787237;72.95838904;2.3925077431;5219987.8104;3170629.3497;5.727333429;4.5216297796;725858.58738;435524.8406;13.153573345;5.1784662237;2283095.8306;201637.74599;16442.713167;549321.70955;117893.545
Q;2;769.24551291;134.26296493;60.182352593;23.606816876;146.17583027;62.844151575;19.325429798;248.94725381;311.87071468;12781053.919;741970.45976;39565.319086;11206428.404;360015.77461;468986.69603;25598020.572;118678953.01;14034796.455;15953934.122;10414011.017;23.337941768;16.162793075;75.249966405;2.9345597386;907187.40025;3565127.0954;2367042.9023;19.898162464;16.317247739;62.62379252;1.8599658903;1069284.3624;741970.45976;5.5855493823;4.0520910724;12646837.421;9537828.2887;15.589279133;3.3231534091;712151.58101;6703.7322888;0;23115.146464;0
Q;3;3190.5761464;65.05473287;96.990401116;19.536545568;4.9574087293;47.321324932;87.344837951;272.64947838;277.24020053;2619048.4371;776058.14919;37475.393239;94102.393433;169128.96136;710768.61362;4406581.948;57713215.261;7541593.3391;3914927.0196;1975357.5824;21.437194219;14.541513065;65.256063878;3.7215553518;423378.6127;924100.57697;643690.85474;19.208899805;19.622209772;51.810268821;1.9649886352;1405007.0533;776058.14919;8.1502142733;5.9651007652;123702.26844;57727.725272;14.814814815;3.1111111111;290547.77189;63782.948301;3752.3990932;417975.0299;0
QUAL;1;1721.5175875;156.67702932;182.02895582;24.136101753;8.4841849946;51.352333281;67.512488717;394.74701238;400.82571898;10156539.604;1208263.4069;37159.05537;178611.5855;74235.552018;583661.58029;12238470.784;34769395.107;10966177.22;14831818.514;9466112.1976;23.128896878;16.473070587;83.034838628;3.3665454725;361027.77991;783975.76528;690427.40639;23.670279733;18.776417068;80.81925924;4.0829723221;1887717.747;1208263.4069;5.8732614672;4.8468453368;112203.76328;61476.09769;5.1922692992;5.5876962705;888754.76204;137493.43065;2302.4922179;163961.39086;15751.331153
QUAL;2;1398.9872692;244.32388892;184.95759338;38.373938816;17.195683763;74.953366852;28.926136778;449.29744651;457.13711629;18263203.461;1521982.4278;54236.855792;458135.13376;215407.30406;763439.89758;21276405.08;83539240.843;17807687.458;26535597.632;17521498.188;23.295775549;17.701122063;74.414496378;2.7780229343;559709.48992;1409271.8511;741705.27277;16.540859365;11.146724085;71.77522338;3.3770084216;2596937.7168;1521982.4278;5.7277325843;4.437940479;561868.50939;361306.64252;14.371018962;5.220930069;1080215.7511;61354.433572;196.5236267;310898.23192;69317.487601
QUAL;3;339.67348979;88.027823349;57.0148223;10.111577491;3.8721004833;18.612082056;5.188054051;130.04867949;132.44783348;13345710.985;440383.51502;24199.583598;19209.267695;53685.029928;556198.34996;14439386.731;64040831.174;8800049.1829;14488143.54;10690003.474;26.352886796;22.173480565;69.304820665;1.6389283324;0;3506720.6768;2655707.5108;20.393861448;19.988921118;71.676470666;1.6780644501;735332.34664;440383.51502;5.3513027395;3.9185817467;51786.314717;12742.100389;17.194098759;2;314125.31748;2789.8817649;13943.697322;74462.086773;32824.726242
QUAL;4;371.56267809;81.211666156;36.732466529;16.227613987;78.325300235;35.142336957;8.2030199287;148.70813863;178.31760445;9021331.099;480033.16978;23060.472936;5227648.918;239784.26303;432149.28153;15424007.204;73097496.564;9280171.7281;10229912.35;6891753.2195;22.388408347;15.139253215;75.581876082;2.4775946151;46035.412378;3146986.0674;2129577.8795;19.884631279;16.65881091;61.064441013;1.721737193;714188.66341;480033.16978;5.9224641976;4.4542110475;7021709.2896;4873191.7249;13.981095118;3.5491450009;456900.58155;6357.409614;0;16775.178615;0
QUAL;5;397.68283483;53.051298778;23.449886065;7.379202889;67.850530038;27.701814618;11.122409869;100.23911518;133.55311023;3759722.8199;261937.28998;16504.84615;5978779.4859;120231.51158;36837.414497;10174013.368;45581456.45;4754624.7267;5724021.7713;3522257.7971;25.034938051;18.165481273;74.656780873;3.8286711417;861151.98788;418141.02802;237465.02278;20;13.254121369;74.359683377;3.099595932;355095.69904;261937.28998;4.9079271463;3.3151554252;5625128.1309;4664636.5638;17.596735741;3.0870577689;255250.99946;346.32267477;0;6339.967849;0
QUAL;6;2756.9060374;47.992443623;93.325605482;19.242170992;4.9574087293;42.381675147;44.120676313;207.83679216;212.42751431;1584923.3117;736535.1401;37239.893578;94102.393433;162752.67358;469327.05228;3084880.4647;51261434.96;7003713.2636;3104074.0752;1383520.3588;20.986345526;14.175350346;60.554759257;3.1829701881;21872.042849;481812.6751;201402.95287;13.892863745;7.8123950575;69.077465722;2.8104370921;1342038.3514;736535.1401;8.119826076;5.9640424944;123702.26844;57727.725272;14.814814815;3.1111111111;287947.94562;63648.07767;3752.3990932;381186.71772;0
QUAL;7;433.670109;17.062289247;3.6647956333;0.2943745759;0;4.9396497853;43.224161637;64.812686222;64.812686222;1034125.1255;39523.00909;235.4996607;0;6376.2877767;241441.56134;1321701.4833;6451780.3014;537880.07544;810852.94442;591837.22359;23.163114745;15.397480814;83.253405929;4.9805899466;401506.56985;442287.90187;442287.90187;25;25;33;1.58;62968.701911;39523.00909;8.7978713629;5.9848222801;;;;;2599.826274;134.87063147;0;36788.312185;0
SETT;1;183.22639374;9.9751285642;15.137512203;2.6297821808;10.438317359;0.4233067212;7.1713565571;33.220748612;41.895902427;345577.62768;85146.874297;3510.8770808;560382.84234;619.44486851;32196.299189;1027433.9655;12699974.277;1072050.2939;465119.07321;345577.62768;19.306617976;14.6286722;76.826276572;2.9490990556;0;;;;;;;188565.93063;85146.874297;5.0313569458;3.613254348;541769.3766;321342.94528;14.414040245;3.8791181243;63251.234793;144.61040375;0;21751.029099;0
SETT;2;863.00830769;121.10487433;104.90425928;11.029115825;6.9377370958;34.182502078;18.376332705;242.21362581;244.47541519;10814937.029;760287.38893;11979.22645;122299.72335;76053.805126;551825.11552;12337382.288;57989937.421;10209477.99;14859192.77;10114302.164;24.624219893;19.636272671;73.71507568;2.5253917554;1077374.1255;1197089.4844;700634.86437;16.877311634;14.164601881;66.730724742;2.5984114587;1139488.4148;760287.38893;5.7762234455;4.9416525834;119734.92219;81925.458436;5.5573004947;2.3353646687;623024.03825;48818.81238;0;60726.056321;27718.481975
SETT;3;927.94793931;127.88141294;120.9237873;30.354394905;20.55463064;54.837322073;9.5346198767;256.74531331;267.65850529;9282441.8414;1083631.4501;52958.279547;432129.14038;99591.524202;108540.87988;11059293.116;74836337.502;12266641.651;13420014.256;8246808.8613;22.987602591;16.692173027;74.288631219;2.8500339347;122504.07527;1363445.1198;1035632.9801;14.811169908;11.432431456;82.025290146;2.5560581562;1789635.4403;1083631.4501;5.8606983421;4.3149822052;428221.26852;255565.46044;10.615980522;5.9779087778;623332.5637;15781.215046;16246.18954;359767.60033;68503.881504
SETT;4;2255.2412186;364.33029067;243.21816531;52.215142026;137.79711442;118.31880289;85.869800206;690.86070446;748.25156052;34103551.47;1983534.0961;86712.430768;10747572.685;527078.88642;1679724.2293;49128173.798;155502170.94;28060540.382;43065167.708;29384936.223;23.96315894;18.040553177;76.228371692;2.6734277838;628046.46928;6704560.7845;4718615.2478;21.46668245;19.322548797;66.731090633;2.058894839;3171582.3871;1983534.0961;5.6280914246;4.3368854121;12282970.441;9314519.2651;15.768354781;3.3265718083;1685639.5748;143596.84045;196.5236267;130192.17026;21671.181518
SETT;5;3190.5761464;65.05473287;96.990401116;19.536545568;4.9574087293;47.321324932;87.344837951;272.64947838;277.24020053;2619048.4371;776058.14919;37475.393239;94102.393433;169128.96136;710768.61362;4406581.948;57713215.261;7541593.3391;3914927.0196;1975357.5824;21.437194219;14.541513065;65.256063878;3.7215553518;423378.6127;924100.57697;643690.85474;19.208899805;19.622209772;51.810268821;1.9649886352;1405007.0533;776058.14919;8.1502142733;5.9651007652;123702.26844;57727.725272;14.814814815;3.1111111111;290547.77189;63782.948301;3752.3990932;417975.0299;0
AREA5;1;2067.7685458;240.7044643;160.13465902;34.818286611;36.603791528;70.918348136;48.616480732;427.60703228;438.30411103;19718808.046;1463873.2296;54804.015199;3246417.9151;181348.80131;1471423.8534;26136675.86;104415146.02;18205993.899;27451985.207;17312420.699;23.227707623;17.761054482;73.3925609;2.2744210422;604948.30662;3395570.8663;2406387.347;19.249898371;15.740736546;70.673482878;2.5712754747;2121977.0596;1463873.2296;5.5973661172;4.4043629597;3600556.5023;2806273.8816;9.9996696755;3.6231604886;1125248.9258;69424.687022;0;230367.28881;38832.327946
AREA5;2;1453.192775;165.80635617;128.41689315;19.346411866;30.302050762;57.237635896;21.068215028;306.23297521;321.91263609;13211188.75;1028019.7074;42842.794671;5154355.469;271618.58308;381385.58469;20089410.889;85000612.657;13598769.251;19135018.243;12557319.565;24.104203123;18.250845452;77.268391716;2.6505514816;1188034.8635;1496132.2307;653869.1857;14.891368519;12.544709643;61.077859616;2.6644265711;1744404.0328;1028019.7074;6.2172921657;4.2048818849;4992313.7496;4333747.5712;18.097384326;2.9697177588;745011.72218;51134.100063;13943.697322;147188.50085;68503.881504
AREA5;3;1520.493865;164.53384812;98.742182979;28.654792709;41.318712937;35.964324586;36.821938212;311.52326307;333.11523499;17620530.303;747577.76312;54124.062772;2012437.196;122651.99001;399069.84656;20956391.162;76265325.253;13303415.572;20471789.391;14382171.664;25.039390439;18.964193813;75.054711575;2.7419690386;267379.9957;4087299.9304;3238358.6394;23.066456747;21.653820425;61.729928856;1.6626726188;1163516.1854;747577.76312;5.6770677619;4.8525061612;2623948.8017;1744624.3717;20.622910724;2.7979344974;662531.95629;22973.317258;3752.3990932;58320.090487;0
AREA5;4;1813.765174;81.41688414;139.06334687;28.00824151;59.20149665;81.962250136;70.140975575;324.25635284;354.92538887;4912524.2888;1084689.4982;33633.539608;1036016.2613;202800.43507;683485.91957;7953149.9425;71346663.442;10300466.37;6197309.6565;4236172.9595;22.081933949;15.834929274;72.375617865;4.1249753943;190940.11693;1001711.1413;676351.32927;17.528074678;12.697341367;89.325687844;2.5665414357;1957411.264;1084689.4982;7.1602454735;5.6721651057;1588524.8379;669722.67877;12.447040554;5.6047441735;469656.23485;111748.06188;0;492727.8659;10557.335547
AREA5;5;564.77964595;35.884886653;54.81704319;4.9372478084;13.259156365;9.0006999418;31.649337747;126.07024718;131.26421298;1702505.0172;364497.76043;7231.7948353;507259.94297;94052.812497;147689.93327;2823237.2612;21713888.029;3741658.5619;2468318.3298;1578897.5715;20.638183977;14.991823711;76.146082035;4.057372779;0;208481.79697;123607.44569;12.433013975;6.2999347542;66.459224906;3.2179973201;706970.68437;364497.76043;5.6245648261;3.9010251338;691054.38489;476712.35133;12.006649561;5.1562705717;283346.34436;16844.260351;2499.0158446;61808.139875;0
IREG;1;760.16523161;52.733179668;39.125115836;18.202264585;16.667158664;9.7340417976;23.682936698;115.9954304;117.6932109;3623171.1797;490507.3717;24518.905701;2697208.4773;32311.383585;225757.61145;7093474.9294;25853371.43;4198989.105;5166540.8336;3390977.3612;23.236973923;16.961602968;73.989754616;2.6494557314;466842.34796;361891.83701;232193.81842;17.471617741;11.260700435;64.544774782;2.8992501256;662690.87906;490507.3717;7.1808407775;4.6460240136;3111545.0673;2567166.6237;9.5062745744;3.4612641284;318334.63433;13243.360234;0;158115.77103;813.60609782
IREG;2;47.153836061;0.7567466937;0;0;0.424935854;0.424935854;0;1.1816825478;1.1816825478;94872.181342;0;0;424.93585404;939.93905845;0;96237.056254;131500.07687;31282.757367;166875.89028;94872.181342;24.344661388;14.423644462;100;2;21872.042849;;;;;;;;;;;;;;;;;;;
IREG;3;979.16475816;167.58270736;107.24214528;13.481723711;12.181917137;49.457592237;21.897944557;272.67689518;274.82485955;14610590.832;854205.24815;25144.515543;250067.12269;108783.31936;967595.08246;16816386.12;64003748.385;11980343.162;19692982.33;12500021.49;23.34631565;18.264671623;73.945797787;2.1019066864;116233.91582;2734326.5845;2110569.3417;19.835505435;16.507275539;70.408086882;2.5503125714;1291852.2232;854205.24815;4.7636944517;4.4285529031;370539.88636;194292.42817;11.852377013;5.6883451907;705851.22802;52607.988362;0;57727.309916;38018.721848
IREG;4;276.18216201;30.501814292;6.9236571422;0;2.2593590221;1.9370146363;0;39.36248607;39.36248607;1808427.9653;57677.458124;0;3389038.5331;3874.0292727;0;5259017.9858;18534354.754;1593166.3657;3269319.1041;1740647.1946;21.390169392;14.992277518;70.220333009;2.7005106887;0;90374.360883;67780.770662;20;20;25;2.5;109005.94721;57677.458124;4.1444081016;0.4191840022;3389038.5331;3389038.5331;20;2.5;56529.20978;1148.2483439;0;0;0
IREG;5;418.60716882;34.814566841;30.051382681;7.5382487598;6.4235307852;19.772716234;7.6346045323;79.339129531;83.63808019;2724828.9898;259476.75456;23443.44719;1202485.7949;97335.918072;58215.845013;4365786.7496;14183531.148;3616818.1981;4343395.644;2566747.9636;24.298122338;14.979106607;83.351078679;3.3805627641;104858.28666;339107.9962;158081.02625;16.866664376;17.790879229;78.713316864;1.3260944508;424217.60214;259476.75456;6.7317463535;6.2396957446;879820.71418;524589.26846;16.213046535;4.8161664708;143386.66249;19558.02687;0;28028.183701;68503.881504
IREG;6;208.68746856;29.705979776;19.108890673;0;4.4360609969;11.29250485;1.4232068232;45.701159024;47.949519834;2344136.7146;140277.15681;0;25528.653063;90397.155678;7827.6375278;2608167.3177;8803256.7647;1806289.9665;3137818.8199;2212109.6795;22.710795297;16.869017677;77.993087107;2.5857987335;0;194271.56789;132027.03518;17.95293499;11.310759053;61.871649031;3.0179987017;242862.18583;140277.15681;4.9079457374;4.4614868478;25926.252709;17674.723755;3.5615739068;5.7907062917;134870.20978;5097.8687239;0;309.07830361;0
IREG;7;281.28472001;19.631830578;13.767397904;3.1342983141;7.3297798736;11.301778247;3.0355994766;37.753024149;44.604358028;1390173.853;119160.60974;5140.5939552;298717.37922;39314.159311;278071.15947;2130577.7547;14426526.126;1995378.8747;2425586.153;1326549.6662;22.168164485;15.297765087;65.798334643;2.9609644568;0;299352.44473;63624.186829;16.050673732;6.6624750183;80.506737319;2.069736247;167433.95739;119160.60974;5.7623647838;3.2361941724;118471.54856;44814.829712;17.163576429;3.9437057651;101063.06345;3573.3384258;0;14524.207859;0
IREG;8;549.7159756;70.783995259;72.332962655;11.808163106;17.183099958;24.235400175;12.010403673;141.83020059;150.96255;6333795.0806;570588.33786;19399.347481;537302.48791;80011.480057;315342.10214;7856438.8361;43479469.99;6582494.7208;8384484.6748;6037814.727;25.583487329;21.087385081;76.594393714;2.3495359274;1083176.5769;872378.3057;295980.3536;12.912521461;8.5858983716;57.783392343;3.259157919;968318.29759;570588.33786;6.5536556377;3.5991329463;697528.24959;402445.0459;11.77032973;4.394519028;410225.64013;25329.956125;13943.697322;118851.23885;0
IREG;9;412.56367288;43.577597881;33.591111559;7.6317177313;6.3786692671;7.1788303831;1.8269076671;83.101808744;86.189055159;3410591.1298;230728.39269;10786.329787;183939.95111;15070.214713;76574.250779;3927690.2689;23966324.354;3712743.4348;4737502.0186;3058205.3026;22.079929885;16.655243915;64.105682199;3.4583349283;104693.89265;492087.812;352385.82714;14.474841027;10.715708007;42.147269181;1.8810090519;387402.6275;230728.39269;5.1349922529;5.2193212809;150196.36129;118939.386;15.245131334;2.4820582679;212304.0997;12720.70661;82.502873365;5621.0835027;0
IREG;10;132.84663766;16.683080088;11.363748397;0.4796901194;4.735586052;8.9766475342;3.0261651576;31.629412961;34.191200996;1524897.3697;58116.591349;239.8450597;65777.863258;39989.790302;49221.830927;1738243.2905;7889540.8961;1356614.7343;1878284.2302;1439077.583;24.963150231;18.48460682;67.976429865;2.8757293063;123028.11433;144607.40017;85819.786655;13.018026757;6.0217017232;85.258631496;3.4887929732;100739.51779;58116.591349;4.8162860059;5.0124140932;97964.174822;43558.515475;8.3849293546;5.1941794168;49199.178847;721.05243473;0;8196.3600671;0
IREG;11;273.85365638;27.499732118;16.394019496;0.3620620643;19.802740627;8.2996714469;9.9274976241;56.487436525;71.119770833;1719256.1915;151534.10316;362.0620643;201585.38423;22849.211924;78843.974933;2174430.9278;13939252.378;2271817.4749;2384151.1644;1716600.7726;24.995703959;17.261166778;78.037832572;3.5825185241;0;5310.8376943;2655.4188472;5;5;10;7;191297.93681;151534.10316;5.1739425883;2.8321420331;65644.296462;23273.886927;6.3636363636;3.6153846154;150227.04344;1307.0597141;0;0;0
IREG;12;701.22989813;76.773438034;37.393303527;20.181322794;10.401716991;11.509175222;22.041367763;140.30460484;141.615208;10965785.612;307198.67593;42735.825862;1561133.9974;44742.773076;194429.78992;13116026.675;30470207.624;5962239.9284;11471851.978;8168288.0057;26.283113451;20.271055573;80.115259985;2.2735510227;39657.988717;3445293.8806;2797497.6067;24.743194621;23.526995844;63.619083487;1.5740831726;484076.10331;307198.67593;6.4888471918;5.5433493057;2310143.9691;1558852.5833;21.896704355;2.7428734934;250801.6343;8224.4984989;3669.8962198;44502.646917;0
IREG;13;115.48410825;14.613086991;16.413724738;4.7504841664;6.8074837472;3.1958275631;9.1397260963;40.227587977;40.991939644;1123314.1156;85012.075213;5720.0804471;138606.19858;9839.4670937;60578.551801;1423070.4888;8725210.0816;1353796.9632;989061.94443;796864.38593;20.321598128;18.118327229;74.885375102;2.7818946865;0;550876.59219;326449.7297;22.62757342;15.084327365;81.111065994;3.1441875687;165000.31284;85012.075213;5.8351764768;3.9275108802;322846.05823;122820.40483;19.127391949;3.3003858065;54856.143871;5451.9510258;0;24703.980316;0
IREG;14;116.63844484;2.7254544679;8.3724333005;4.8334038406;9.4089376753;5.2812704368;1.9516050011;13.820239075;18.562308247;4088.1817018;155046.97682;4464.9792557;81868.465091;9741.5931771;1951.6050011;257161.80104;5437466.3175;698909.37304;81763.634037;4088.1817018;10;1;50;2.5;0;;;;;;;173938.77927;155046.97682;7.055236693;4.9589026158;80427.029719;71093.292713;7.9013060158;6.8358331939;749.16781077;1430.3540931;0;152867.45491;0
IREG;15;616.40414859;17.181737103;54.513933808;8.9540795157;7.8525456416;11.624376385;35.243047312;113.7256106;120.43676313;1236736.3923;382015.50693;4798.4696896;99256.373122;30780.302244;164238.88454;1917825.9289;27599800.552;3316816.9532;1342764.387;925533.8064;21.805744104;14.132408278;91.329395835;5.4458941094;0;406717.67354;311202.58593;10.352954685;9.5340045673;99.29409063;1.3471029687;809833.18188;382015.50693;6.6211574895;7.0251394256;42843.941925;37488.449184;8;7;226978.20575;14064.999235;0;136334.81677;4637.4851816
IREG;16;487.03699152;21.933595347;37.050109265;4.1876779001;20.386119783;31.901295177;6.019809483;72.984057209;83.443573132;1788180.8696;203423.67834;10747.107607;461398.15438;65410.14111;13762.931085;2542922.8821;18115403.207;2658436.5788;2511137.7654;1749481.8559;24.008652704;16.890263798;65.693148031;4.1862363308;190940.11693;44116.875561;38699.01365;20;18;100;7.5;351612.60127;203423.67834;4.7374554012;6.7482211153;845960.50818;330786.43951;10.75160926;6.6105102562;82225.909052;36394.451736;0;84803.317552;0
IREG;17;190.62136704;20.817865422;10.078008359;5.2825960873;14.746409803;15.776714247;12.64378338;51.21556991;59.207516662;628092.02649;140989.12284;7902.9026084;254887.0701;61562.151754;387841.5114;1481274.7852;9442258.005;1639473.9209;1080848.6311;628092.02649;21.086964563;13.543967036;65.25251555;3.6100472772;0;;;;;;;233043.51614;140989.12284;10.353981173;5.7874635635;296447.29985;107534.09254;11.885967736;3.8425151098;12234.22077;48288.191503;0;74546.860205;5919.8503655
IREG;18;287.58011372;4.1451448088;12.635137398;0;0;14.182766326;5.1430043025;32.283288062;32.283288062;132112.70307;118202.13803;0;0;25466.779688;55112.435743;330894.05653;2026525.2785;633032.58103;191733.29456;132112.70307;18.623781056;11.365083768;63.907324176;4.6592828288;0;;;;;;;223982.87261;118202.13803;10.647464603;1.5004774368;;;;;92612.587598;6118.1142903;0;19471.436146;0
IREG;19;390.95552074;21.589267994;44.830690002;3.7232812889;9.5226616663;5.3056891114;29.147740593;96.475338909;98.908915371;859007.15814;314306.10676;6327.3762232;316235.38138;91582.735517;141681.94374;1729140.7018;14736265.964;2556529.1063;1404934.4618;800939.29379;19.254432918;13.137122223;76.112990558;3.9982704047;0;131179.71096;58067.864341;11.561346031;3.2524463056;53.104342403;3.7247032925;615062.51278;314306.10676;5.8483914461;3.8991777923;437505.14451;301345.0598;13.207740376;4.4362994491;248436.98564;9215.3736987;196.5236267;56457.223788;0
IREG;20;173.8241252;14.295618659;9.9863531882;1.2139665196;3.7364946991;3.6950108304;2.5015971538;29.594908268;32.355297609;843497.85905;50191.653672;904.41861204;191024.56159;2470.0769801;6007.9895311;1094096.5594;6977622.0649;1185129.4556;1063383.868;777958.27771;22.46638507;16.901313388;76.189802236;4.1182210473;0;77302.086007;65539.581345;13.912212726;9;89.122127257;2.7690574113;91908.171593;50191.653672;4.1266853563;3.9125934061;253549.24038;175367.29153;9.9341392679;6.39344393;34909.358715;7628.886652;2302.4922179;5350.916087;0
ACOM5;1;1497.2128966;70.595834445;82.91160953;14.018893588;36.930131464;45.009381513;28.40818682;204.96417802;224.18036747;3979543.816;473692.73644;12900.015558;4950506.793;147014.38125;453657.41607;10017315.158;47075364.43;7208357.6755;7387950.3851;3867726.0681;22.124367228;13.122422403;72.866110056;3.040379581;123028.11433;173823.18609;111817.74788;14.694406195;14.334281731;50.157427331;3.8346189638;1017144.42;473692.73644;5.2876641285;5.7933275087;5055033.985;4673101.7568;15.476949985;3.1956208628;393691.4048;12577.626059;13943.697322;48842.523081;4637.4851816
ACOM5;2;1934.6126185;207.28552545;176.45873006;35.597256379;59.515175873;75.41995209;37.322649249;421.74241724;449.40547232;14338844.332;1500052.9284;54948.397712;1797738.5585;231770.29776;688555.48598;18611910;96062290.311;17120678.095;19937541.51;13189205.193;22.841533485;16.478839181;76.502685354;2.9880100355;1355958.1722;1979622.0334;1149639.1389;16.61038103;11.783353577;83.89569966;2.6537265724;2276475.1319;1500052.9284;7.1932063042;4.6458361785;1745506.173;880577.66388;13.632317455;5.4663334088;878979.97899;72749.924247;0;479819.14369;68503.881504
ACOM5;3;1390.6381737;119.70243087;101.81784099;21.831333092;31.71593119;43.414311272;53.523911573;277.28435823;296.22032852;8150189.4067;805539.21722;50643.291363;1006133.9124;139143.63465;387819.00094;10539468.463;67205487.499;10482642.006;12256716.411;7629653.4608;22.77075421;16.536733236;75.288126374;3.0348272126;475182.9021;695282.72773;520535.94588;15.919804334;14.172550809;74.841163194;2.4099244939;1425748.8887;805539.21722;5.8842516743;4.4058080375;1275619.4019;665597.60439;11.492172022;4.0719105867;588639.13253;59252.103926;82.502873365;145638.02582;11927.452069
ACOM5;4;1338.7416922;136.36256625;106.95665763;18.651222047;25.94325783;46.346569043;41.457692639;282.74649151;294.90680918;10345255.665;925475.18285;26851.088206;942976.97014;155898.74211;336008.96258;12732466.611;61108266.881;11088526.176;14088527.096;9438425.7744;24.164082173;19.157728561;72.807382003;2.9361968111;106193.9772;1605653.9819;906829.89104;15.744582774;11.288038308;60.571228611;2.8612389721;1426160.892;925475.18285;5.8965941655;4.6901559054;1211392.129;746806.97426;16.201624403;4.5694383264;649450.6291;64645.410725;6168.9120644;199290.38059;5919.8503655
ACOM5;5;1258.7946248;154.40008237;113.02928699;25.666275398;26.580711885;44.893044778;47.584507013;308.95242558;314.80860648;20351723.186;983897.89374;47293.414246;3259130.5503;198645.5662;1217014.2719;26057704.882;87290226.278;13250099.703;22053685.425;15941971.962;25.432647964;20.391443501;75.005788107;2.1288910935;190940.11693;5734814.0365;4409751.2233;22.718762931;21.045913565;63.281508155;1.8411328508;1548749.8936;983897.89374;5.661229911;4.4407836156;4208846.5874;3064996.8552;17.158472578;2.6952326913;775034.03806;62899.36162;0;116821.81274;26904.875877
NCOMP;1;2497.6983299;127.19685946;109.93567217;31.615645233;26.539973182;33.34157187;60.182141664;286.69733253;296.13767579;10426656.93;747052.25037;30552.045707;1257280.9795;80760.379496;1514111.8158;14056414.401;50060602.196;7144989.6646;12621372.778;9005979.1873;24.205379306;20.343761297;73.609577031;2.7800894369;190940.11693;2257859.6124;1420677.7424;18.209205462;10.964301517;57.201285259;2.1386185104;1374147.8167;747052.25037;6.2171504082;4.832041159;1604804.2508;1008990.0127;13.547669391;2.8156946865;637686.29406;25565.950288;0;83800.006022;0
NCOMP;2;1980.9157358;130.07017874;126.0272343;32.548673181;36.417271298;53.166361521;48.357668609;324.55968058;345.61209971;11754976.378;1002364.5348;56062.258278;6469190.1608;166453.54541;592783.05949;20041829.937;82146561.074;12456718.038;13509062.947;9069935.1066;24.784338253;18.080872894;74.738849268;2.4329952608;164698.50552;3299298.8605;2685041.2712;25.680587377;25.669046276;68.375681195;2.0774384494;1811510.7974;1002364.5348;7.1551025444;5.4388390528;7317063.0272;6306014.7294;18.112289758;2.865151239;609947.45396;106177.26748;6251.4149378;279174.79229;813.60609782
NCOMP;3;1305.0097319;155.37947721;163.42996257;17.547519645;48.669593314;56.730134944;41.329412293;365.24382398;395.96515799;11030684.273;1277445.2728;42756.994765;921947.04412;195049.75598;170795.56034;13638678.901;82971910.37;15318348.472;16377313.425;10375646.541;21.966701217;15.424530013;71.828203505;2.9772904747;122504.07527;975536.21668;655037.73172;20.731719716;13.910211169;82.225538404;3.3356884735;2009206.1059;1277445.2728;5.5030557904;4.2405906443;623403.66911;345124.47291;9.3445375875;4.391795879;869873.73942;85839.492024;13943.697322;256974.48121;48576.057395
NCOMP;4;1189.5391792;209.42843713;136.75680967;22.731043688;63.248419048;71.058937675;35.891894412;377.78993763;399.79810095;16611724.103;1189674.4244;34313.046901;3063364.5622;274874.65154;660306.36505;21834257.153;103359273.09;17785074.465;23665379.244;14934887.652;23.684162321;17.434461113;76.818802115;2.7657154418;801526.67585;2420351.9956;1676836.4509;16.384046441;13.685129508;68.07395314;2.0771175167;1740491.7776;1189674.4244;5.8164095081;4.2057540025;3545658.9526;2141626.8779;11.165032787;5.1565494639;834036.79507;30731.633021;0;324905.99634;0
NCOMP;5;349.44973717;58.112884531;40.626543459;7.670371197;3.0577899046;32.315019045;14.402308701;115.30455876;115.91401242;6391679.9389;440534.399;25522.518859;38963.913504;105632.32345;87647.919392;7089981.0132;36931074.682;5391851.4669;8533020.6301;5889944.3122;25.078688541;20.172892422;75.858819257;2.4303478098;913579.37864;1059289.0375;501735.62672;12.268564478;12.219757128;66.228857892;2.0013021488;711139.84639;440534.399;6.0801158653;5.062221964;29761.948795;26785.753916;5;1.1;303954.63643;22519.271009;0;45556.610064;68503.881504
NCOMP;6;64.264601165;4.2920331181;2.2809074311;1.3682758083;2.7521614966;3.5812956149;5.5000407263;11.516214049;11.516214049;560832.65152;11475.618927;1830.9263489;205740.12418;19241.083656;36342.570254;835462.97489;1494873.8782;347553.42492;491757.51609;401587.52745;25.087679666;21.815417807;88.463062564;3.7277080541;0;176860.24293;159245.12407;18.975894426;18.089187449;96.819284459;1;26612.925935;11475.618927;7.7248927076;8.1140691;375706.4278;202539.00775;23.165929686;3.1269799069;10184.806176;1290.8127515;0;0;0
NCOMP;7;23.524012402;1.524154949;2.1169956173;2.2834517514;0;4.8899380258;0;9.6024279072;9.6024279072;248457.27623;20111.458364;1598.416226;0;30460.882431;0;300628.03325;1262057.5608;528614.99558;339121.14617;248457.27623;25.424397058;14.863519468;70.014323019;2.9045300963;58054.530577;;;;;;;21169.956173;20111.458364;5;8.3;;;;;20111.458364;0;0;0;0
NCOMP;8;6.8286564402;0;0;0;0;0;2.6334808888;2.6334808888;2.6334808888;0;0;0;0;0;21067.847111;21067.847111;505628.33065;75185.879376;;;;;;;;;;;;;;;;;;;;;;;;;;
NCOMP;9;0.4276074237;0;0;0;0;0;0;0;0;0;0;0;0;0;0;0;0;0;;;;;;;;;;;;;;;;;;;;;;;;;;
NCOMP;11;2.3424142501;2.3424142501;0;0;0;0;0;2.3424142501;2.3424142501;140544.855;0;0;0;0;0;140544.855;9654.2121765;101967.24922;187393.14001;140544.855;20;9;100;1;0;;;;;;;;;;;;;;;;;;;
